humidity,temperature,wind_speed,historical_disaster_flag,risk_level
81.92,29.48,103.03,0,High
98.05,40.12,94.33,1,High
49.66,45.58,77.26,0,Medium
38.18,33.3,7.66,0,Low
80.65,26.7,116.48,0,High
35.57,30.4,5.26,1,Medium
79.58,46.93,39.1,0,Low
35.16,19.29,57.08,1,Medium
54.97,42.48,84.03,0,High
84.38,27.79,34.6,0,Low
35.99,15.24,94.43,0,High
82.46,30.14,68.25,1,High
73.47,30.55,67.83,0,Medium
64.29,33.45,36.47,1,Medium
37.17,28.48,102.41,1,High
42.51,24.69,79.43,0,Medium
73.15,28.41,97.68,1,Medium
27.2,38.84,55.43,1,Medium
32.18,37.98,53.54,0,Medium
70.42,26.94,10.52,1,Medium
92.69,38.09,31.9,0,Medium
77.35,29.83,32.67,1,Medium
56.46,21.68,36.71,0,Low
88.53,40.03,86.34,0,High
66.73,36.44,10.13,0,Low
46.39,19.77,12.41,0,Low
94.01,34.18,41.62,0,High
58.58,40.83,9.93,0,Medium
95.03,33.87,56.82,1,Medium
61.65,29.48,2.59,0,Low
31.22,33.28,13.03,0,Low
72.75,38.99,92.24,1,High
38.42,16.23,66.58,0,Medium
84.66,25.47,114.35,1,High
40.48,45.89,19.75,1,Medium
99.39,44.43,89.83,0,High
61.51,25.43,92.64,0,High
27.56,39.64,31.5,0,Medium
29.82,42.43,18.39,1,High
89.96,21.48,37.24,0,Low
60.06,19.75,1.67,1,Medium
74.21,19.02,60.76,0,Medium
35.98,41.54,85.85,0,High
29.9,45.61,47.71,0,High
73.03,46.54,34.37,0,Medium
64.42,35.92,12.71,1,Medium
97.3,34.67,111.96,0,High
82.78,15.59,13.1,0,Low
38.61,32.52,72.72,0,Medium
53.01,27.35,51.11,0,Medium
56.31,23.18,28.4,0,Low
28.42,17.2,71.33,1,High
44.83,19.75,110.52,1,High
32.29,18.81,2.54,1,Medium
24.27,34.51,81.69,0,High
60.36,43.88,102.14,1,High
38.94,23.23,68.55,0,Low
61.9,18.36,100.02,1,High
27.93,42.84,108.32,0,High
82.36,36.2,93.48,1,High
61.14,43.3,55.54,0,Medium
41.32,19.61,57.35,0,Medium
49.4,27.09,39.3,0,Low
43.75,46.31,109.96,0,High
62.83,43.0,78.31,0,Medium
70.63,24.51,88.19,1,High
88.86,19.36,73.73,1,High
26.76,45.89,16.49,0,High
67.49,40.83,95.41,0,High
67.21,18.14,73.94,1,High
65.79,30.38,62.72,0,Medium
59.37,34.79,111.75,1,High
27.02,36.71,50.23,0,Medium
46.69,44.65,91.5,1,High
45.16,20.2,17.73,0,Low
50.67,39.08,66.36,0,Medium
58.35,27.42,118.4,0,High
29.48,43.07,76.45,1,High
74.89,15.41,54.52,0,Medium
56.68,29.6,36.23,0,Low
28.85,47.9,105.5,1,High
28.51,47.97,79.88,0,High
91.76,15.96,28.9,1,Medium
35.86,45.05,78.75,1,Medium
24.13,35.0,96.18,1,High
24.58,41.43,111.34,0,High
87.04,16.32,24.21,1,Medium
79.62,35.79,102.14,1,High
35.44,23.94,85.19,0,High
24.36,35.34,5.08,0,Medium
33.85,18.03,22.02,0,Low
82.73,36.0,68.69,1,High
44.11,34.07,83.97,0,High
31.88,31.78,48.48,0,Medium
30.73,24.18,36.56,0,Low
70.77,28.59,49.05,1,Medium
45.36,16.19,50.21,0,Medium
65.8,33.67,84.24,0,High
45.3,40.99,65.9,0,Medium
48.85,31.92,88.4,0,High
60.29,32.17,95.98,0,High
59.53,18.82,8.65,0,Low
42.45,26.03,20.76,0,Low
21.17,42.3,102.79,0,High
68.07,18.95,43.79,0,Medium
81.77,25.26,82.52,0,High
71.27,15.35,25.09,0,Low
33.27,42.6,118.7,0,High
99.23,19.67,53.79,0,Medium
80.43,29.31,56.32,1,Medium
92.57,16.47,27.94,1,Medium
66.92,31.28,10.09,1,Medium
71.01,36.42,80.42,0,High
49.33,32.8,40.61,0,Medium
81.49,43.12,60.57,0,Medium
88.02,26.24,59.86,0,Medium
51.88,45.27,75.7,1,High
35.33,15.82,111.3,0,High
67.88,15.24,33.36,0,Low
98.54,35.47,57.3,0,Medium
77.66,46.79,93.84,0,High
78.59,29.52,66.37,0,Medium
98.77,24.51,88.05,0,High
29.91,16.35,93.28,0,High
57.2,47.27,49.39,0,Medium
64.44,41.47,110.96,0,Medium
49.82,16.61,13.11,0,Low
81.9,43.56,88.73,0,Medium
38.76,35.52,102.98,1,High
74.18,15.98,48.16,0,Medium
39.01,43.14,41.76,0,Medium
67.23,28.1,32.98,0,Low
26.78,26.28,86.12,0,High
43.71,28.46,16.42,0,Low
76.07,34.64,47.08,0,Medium
30.75,27.06,8.06,1,Low
70.76,26.33,50.45,0,Medium
63.27,24.39,107.64,1,High
92.73,32.47,89.08,0,High
43.95,22.97,38.7,1,Medium
42.66,33.53,95.04,0,High
58.1,47.83,80.95,0,High
83.01,21.11,67.46,1,High
96.43,31.92,51.96,1,Medium
28.24,16.36,29.53,1,Medium
61.29,25.31,6.12,1,Medium
24.84,38.04,24.84,0,Medium
53.33,15.05,13.45,0,Medium
60.65,31.15,39.97,0,Low
87.3,23.59,38.7,1,Medium
74.66,22.53,39.69,0,Medium
56.86,38.48,18.05,1,Medium
93.51,15.31,22.6,1,Medium
69.61,22.97,68.31,0,Medium
20.38,43.16,74.29,1,High
88.44,23.39,110.26,0,High
98.77,26.93,97.58,0,High
68.06,22.14,49.68,0,Medium
22.39,26.43,2.28,1,Medium
76.65,39.37,38.06,0,Medium
30.08,19.74,83.17,1,High
99.34,15.13,1.99,0,Low
30.15,44.61,105.65,0,High
41.85,16.67,71.35,1,High
86.9,15.6,71.49,1,High
40.29,35.16,66.42,0,Medium
78.06,33.71,91.01,0,High
61.17,15.41,95.52,0,High
27.53,44.36,47.4,0,High
96.92,20.89,23.95,0,Low
36.97,30.5,88.02,0,High
61.36,39.48,87.74,0,High
28.37,44.83,103.87,0,High
36.35,39.54,2.78,0,Medium
77.55,44.29,47.36,0,Medium
66.48,28.5,72.21,0,Medium
35.74,27.45,47.29,1,Medium
74.76,26.2,114.59,1,High
80.28,44.07,33.37,1,Medium
61.76,30.46,31.13,1,Medium
96.75,36.53,59.46,1,Medium
43.58,40.24,105.21,0,High
98.59,46.45,8.62,1,Medium
64.23,18.2,101.5,0,High
33.22,23.36,19.24,0,Low
78.81,24.77,44.55,0,Medium
81.79,21.82,112.98,1,High
28.03,23.73,101.58,1,High
55.99,23.09,85.23,0,High
47.15,32.52,29.81,1,Medium
95.2,44.3,93.28,0,High
62.38,32.71,52.15,1,Medium
96.18,30.91,114.38,1,High
36.62,23.36,3.61,1,Medium
45.72,35.07,55.8,0,Medium
34.98,47.62,98.2,0,High
32.23,45.38,40.97,1,Medium
83.56,35.55,90.1,0,High
93.9,29.45,76.68,1,High
42.47,17.05,54.99,1,Medium
70.58,27.97,110.62,0,High
56.89,36.78,71.96,0,Medium
47.42,20.85,81.37,0,Medium
55.97,44.45,89.95,0,High
72.8,24.98,113.7,0,High
52.25,33.54,86.37,0,High
53.54,36.35,41.08,0,Medium
30.06,18.03,80.1,0,High
21.58,25.78,23.74,0,Low
39.73,37.04,15.52,1,Medium
42.68,37.27,109.24,1,High
76.11,46.45,73.21,1,High
45.64,47.21,47.96,0,Low
90.01,35.14,53.27,0,Medium
45.78,32.97,58.78,0,Medium
39.54,45.12,110.86,0,High
79.6,40.23,91.51,0,High
39.22,36.28,34.72,1,Medium
52.8,22.22,97.93,0,High
20.6,26.09,95.7,0,High
81.95,18.82,46.81,0,Medium
32.32,28.95,74.36,0,Medium
25.57,19.55,94.89,1,High
73.08,18.69,99.9,1,High
64.17,31.53,82.34,0,High
99.95,32.04,11.42,0,Low
45.47,30.22,50.97,1,Medium
48.27,40.99,99.85,0,High
45.72,39.71,96.17,0,High
31.51,44.01,11.53,1,Medium
25.4,16.74,0.06,0,Low
22.79,36.52,98.78,1,High
88.86,42.16,64.67,0,Medium
51.56,39.35,30.89,0,Medium
80.02,30.33,44.15,1,Medium
80.12,18.92,10.32,1,Medium
85.85,28.15,118.85,1,High
55.9,27.97,105.01,0,High
35.38,22.29,78.73,1,High
65.31,33.18,99.43,0,Medium
23.96,34.85,58.34,1,Medium
80.63,42.28,67.35,0,Medium
61.75,25.39,67.69,0,Medium
20.09,22.01,107.34,0,High
91.22,30.51,57.13,0,Medium
37.21,34.33,23.46,0,Low
27.93,21.83,50.73,1,Medium
88.82,25.57,43.29,1,Medium
41.18,35.15,24.65,0,Medium
27.99,18.54,13.84,0,Low
88.19,39.89,98.38,0,High
23.53,28.24,38.87,0,Low
84.5,20.62,117.44,0,High
97.67,27.56,47.7,0,Medium
45.69,21.38,12.39,0,Low
48.69,28.49,51.78,0,Medium
94.62,27.92,39.51,0,Low
56.95,36.74,66.53,0,Medium
50.29,18.12,19.93,0,Low
37.16,33.57,90.66,1,High
94.2,34.71,80.27,1,High
51.4,45.49,69.48,1,Medium
74.43,33.57,3.18,0,Low
59.71,30.37,0.66,0,Low
90.3,27.31,67.81,1,High
81.99,31.39,64.38,0,Medium
88.45,21.19,71.31,0,Medium
28.09,41.76,57.81,0,Medium
68.58,29.02,44.4,0,Medium
83.58,42.64,34.13,0,Low
21.92,32.18,55.64,0,Medium
73.47,27.43,74.25,1,High
61.78,22.07,16.75,1,Medium
27.74,46.26,48.6,0,High
26.46,36.51,104.57,0,High
54.49,16.18,64.15,0,Medium
23.23,38.29,36.21,0,High
87.0,18.88,7.18,0,Low
62.79,45.22,68.09,0,Medium
25.05,46.97,37.28,1,High
97.15,18.11,104.08,0,High
98.07,42.79,113.21,1,High
63.65,32.94,107.87,0,High
58.64,30.06,46.36,0,Medium
27.18,17.56,93.58,0,High
68.98,16.16,18.9,1,Medium
37.5,32.02,112.34,0,High
23.93,20.07,7.6,1,Medium
93.0,32.73,75.12,1,High
69.42,43.52,113.86,0,High
38.07,29.45,113.48,0,High
63.24,21.03,38.49,0,Low
54.78,22.55,86.63,1,High
35.03,18.54,59.72,0,Medium
54.93,47.83,58.35,0,Medium
25.35,34.57,27.36,0,Low
98.51,30.48,107.61,0,High
85.78,36.39,93.81,0,High
88.5,35.83,41.72,0,Medium
96.85,27.24,51.01,0,Medium
78.93,30.17,25.86,0,Low
35.89,35.69,89.67,0,High
28.86,46.55,18.53,1,High
62.35,44.13,91.27,0,High
48.61,30.79,17.69,1,Medium
30.18,33.16,84.6,1,High
82.58,39.68,97.81,0,High
39.26,26.91,21.16,0,Low
39.27,39.81,37.66,1,Medium
55.11,25.0,44.31,1,Medium
94.4,31.43,77.16,0,Medium
69.08,44.36,109.03,0,High
26.49,15.52,57.26,0,Medium
65.45,33.22,100.39,1,High
83.44,42.98,119.38,0,High
45.15,28.25,32.17,0,Low
47.57,33.38,35.56,1,Medium
24.64,46.33,48.35,0,High
35.35,20.79,97.44,1,High
31.2,37.36,97.74,1,High
97.16,23.73,51.59,0,Medium
82.06,40.47,45.4,0,Medium
20.34,33.85,119.29,1,High
61.51,41.73,10.69,0,Medium
49.72,21.23,23.46,0,Low
88.95,36.19,82.85,0,High
52.27,45.47,29.51,0,Low
27.82,30.45,24.07,1,Medium
43.15,41.27,108.91,0,High
41.93,23.41,16.2,0,Low
37.98,42.94,47.9,1,Medium
71.14,40.84,25.31,0,Medium
87.87,22.51,6.06,0,Low
69.51,40.08,15.4,0,Medium
78.27,29.56,105.2,0,High
85.64,39.73,34.54,1,Medium
60.23,31.67,69.92,0,Medium
93.05,23.14,88.38,0,High
35.08,41.24,115.28,0,High
98.73,26.62,76.59,0,Medium
27.5,28.61,105.06,1,High
50.62,47.34,106.02,0,High
46.95,35.01,79.02,0,Low
76.95,33.6,59.47,1,Medium
89.21,16.02,47.57,0,Medium
79.98,23.5,103.99,0,High
37.27,32.53,93.51,1,High
22.17,46.63,85.2,0,High
62.53,30.71,53.94,0,Medium
91.04,41.79,41.95,0,Medium
97.79,44.8,110.63,0,High
36.94,17.97,14.41,1,Medium
25.92,19.37,99.27,0,High
70.47,44.11,76.62,0,Medium
55.79,26.42,56.12,1,Medium
40.86,20.07,29.56,0,Low
74.88,43.26,9.33,0,Low
37.33,37.73,109.18,1,High
43.19,33.29,74.62,0,Medium
30.81,37.89,80.97,0,High
55.75,28.5,10.41,1,Medium
79.43,22.82,99.57,0,High
57.8,31.47,74.37,0,Medium
62.29,34.87,88.5,1,High
58.53,45.42,59.22,0,Medium
56.05,20.97,26.03,1,Low
81.54,39.2,3.86,0,Medium
95.29,20.52,75.2,0,Medium
52.98,40.07,27.68,0,Medium
80.49,43.04,119.86,1,High
40.03,23.67,69.89,0,Medium
62.14,36.09,103.2,0,High
62.28,42.48,36.38,0,Low
98.8,44.9,95.81,1,High
63.78,33.51,60.66,0,Medium
79.93,26.01,39.68,1,Medium
88.04,29.73,27.34,0,Low
21.69,25.44,21.24,0,Low
25.2,16.81,69.81,1,High
32.43,35.02,53.36,0,Medium
84.22,44.47,1.32,1,Medium
63.96,19.95,24.33,0,Low
67.95,46.45,59.29,0,Medium
48.77,22.41,5.52,0,Low
21.48,29.49,77.28,0,Medium
84.84,38.49,12.34,0,Medium
39.65,16.4,26.83,0,Low
34.13,42.21,111.08,1,High
21.43,45.52,114.23,1,High
97.62,44.89,116.49,0,High
87.98,35.26,73.77,0,Medium
32.29,39.41,9.0,0,Medium
57.8,31.82,37.47,0,Low
49.52,20.77,26.35,0,Low
78.73,22.1,103.15,0,High
39.34,35.42,111.2,1,High
98.99,19.97,10.61,0,Low
25.7,30.69,90.45,1,High
87.66,32.16,101.13,0,High
72.06,18.82,106.21,0,High
32.22,37.69,5.68,1,Medium
55.29,28.67,62.63,1,Medium
69.15,27.33,78.16,1,Medium
39.86,30.07,47.29,0,Medium
62.44,34.59,2.62,0,Low
53.7,18.31,93.94,0,Medium
68.11,40.21,34.18,0,Medium
94.33,47.37,5.08,0,Low
31.74,26.1,118.52,1,High
87.41,25.69,57.58,0,Medium
30.47,16.71,113.45,1,High
27.26,28.98,111.61,0,High
40.71,31.65,103.14,0,High
88.44,27.87,63.69,0,Medium
44.11,16.03,47.02,1,Medium
34.51,37.27,31.62,0,Medium
77.34,30.39,43.36,0,Medium
37.11,44.7,41.12,1,Medium
29.92,22.87,89.65,1,High
94.95,35.02,85.24,0,High
47.32,20.37,62.3,0,Medium
69.05,15.47,111.32,1,Medium
28.66,22.93,32.87,1,Medium
35.44,27.49,46.22,0,Medium
27.18,15.83,24.25,0,Low
94.28,31.64,63.82,0,Medium
81.18,42.86,107.46,0,High
84.51,25.18,111.51,1,High
81.61,18.08,78.75,1,High
83.94,34.88,102.82,1,High
53.13,16.4,53.79,1,Medium
54.01,44.02,32.44,0,Low
46.22,31.58,50.13,1,Medium
32.14,26.61,67.89,0,Medium
40.54,47.0,94.17,0,High
31.37,32.37,20.4,0,Low
41.08,45.68,13.82,0,Low
24.71,34.73,97.91,1,High
40.68,36.88,14.24,0,Medium
34.88,25.67,70.52,0,Medium
32.5,18.44,119.97,0,High
58.59,45.44,10.53,1,Medium
95.8,25.39,42.62,0,Medium
35.2,44.65,30.4,0,Low
23.1,36.57,40.68,0,Medium
95.99,39.7,105.15,1,High
49.47,32.73,35.62,1,Medium
40.36,27.74,23.64,1,Medium
51.05,26.4,64.07,0,Medium
67.0,46.88,62.64,0,Medium
24.7,29.16,83.8,0,High
27.42,33.55,15.19,0,Low
77.87,43.69,75.47,0,Medium
87.4,43.68,4.37,0,Low
88.83,36.4,50.43,1,Medium
76.3,21.74,11.23,0,Low
35.98,24.65,116.65,0,High
44.61,24.87,4.74,0,Medium
20.39,39.07,113.86,0,High
58.88,29.39,38.96,0,Low
67.85,44.64,119.4,1,High
34.46,26.62,34.5,1,Medium
59.7,45.34,3.91,1,Medium
26.42,23.67,118.32,1,High
65.89,31.43,69.65,0,Medium
31.09,29.14,82.77,0,High
65.42,17.28,20.44,1,Medium
43.04,38.88,7.97,0,Medium
27.11,15.78,6.75,0,Low
63.86,29.07,95.46,0,High
99.13,19.95,99.68,1,High
90.91,36.95,82.23,1,High
49.33,32.21,55.47,0,Medium
40.07,27.05,17.99,0,Low
30.7,37.9,101.72,1,High
20.69,16.56,91.47,0,Medium
79.85,17.37,71.06,0,Medium
20.87,34.64,118.95,1,High
29.91,33.32,71.57,0,Medium
91.4,41.59,29.67,0,Medium
46.38,45.75,81.83,0,High
63.0,31.07,12.87,1,Medium
25.39,45.74,14.86,1,High
27.75,44.71,87.08,1,High
70.53,39.99,99.38,0,High
45.8,38.01,114.84,0,High
54.97,39.95,119.72,1,High
63.16,30.89,68.59,1,High
66.64,34.31,78.88,0,Medium
83.22,35.62,64.5,0,Medium
41.85,32.4,104.76,0,High
67.38,22.32,88.08,0,High
67.31,26.17,53.55,0,Medium
61.58,27.15,6.05,1,Medium
49.87,46.16,60.62,1,High
47.06,41.92,46.0,0,Medium
28.87,35.09,115.09,0,High
93.86,44.16,62.66,0,Medium
85.56,31.45,4.07,0,Low
86.33,24.15,6.4,0,Low
62.59,36.2,55.51,0,Medium
27.74,22.68,100.4,1,High
63.89,22.1,19.58,0,Low
70.09,45.1,18.12,0,Low
86.33,35.83,74.42,0,Medium
21.32,46.62,70.27,0,High
20.99,31.82,60.86,0,Medium
39.99,32.41,45.03,0,Medium
45.57,24.7,65.2,0,Medium
96.0,24.41,83.13,1,High
57.1,16.02,74.12,0,Medium
61.33,34.93,47.53,1,Medium
72.4,47.85,1.9,0,Low
86.14,32.99,74.39,0,Medium
29.78,45.56,3.12,0,High
35.57,15.13,53.43,0,Medium
56.09,28.28,92.12,0,High
29.95,24.75,109.6,1,High
95.4,46.37,49.34,0,Medium
80.28,16.04,17.3,0,Low
73.28,26.59,106.4,0,High
81.83,23.95,59.31,1,Medium
85.85,44.77,105.3,0,High
94.55,33.85,50.7,0,Medium
43.08,22.96,9.89,0,Low
70.41,32.19,51.43,0,Medium
85.83,21.55,85.99,0,High
89.03,24.6,105.79,0,High
73.17,42.93,119.17,0,High
79.57,29.94,111.23,0,High
28.48,22.45,100.88,0,High
39.68,31.22,96.7,0,High
65.99,30.42,73.71,0,Medium
57.75,34.21,60.12,0,Medium
79.65,26.27,96.07,0,High
66.61,24.42,88.7,1,High
40.41,31.87,113.84,0,High
98.96,43.87,19.9,0,Medium
51.46,43.73,82.65,0,High
84.98,38.42,56.21,0,Medium
33.63,36.21,116.64,1,High
31.16,43.4,27.17,0,Low
20.97,33.36,61.47,0,Medium
52.83,20.54,88.9,0,High
51.48,44.47,0.32,1,Medium
46.73,23.98,55.2,1,Medium
76.54,33.98,11.17,0,Low
81.18,26.9,93.93,1,High
59.76,16.09,27.04,0,Low
26.46,44.11,95.7,0,High
73.93,32.33,78.33,0,Medium
45.26,17.39,113.38,0,High
87.29,47.7,19.41,0,Low
23.91,39.88,42.57,0,Medium
40.78,19.46,14.03,1,Medium
48.11,22.15,83.03,0,High
94.8,27.72,100.3,1,High
99.08,42.94,69.56,0,Medium
74.36,40.42,119.79,0,High
67.67,18.93,29.37,0,Low
34.7,20.47,5.4,0,Low
23.2,15.93,67.04,1,High
54.77,45.47,34.54,0,Low
96.47,47.36,88.69,0,High
85.0,39.3,26.63,0,Medium
86.11,37.57,77.18,0,Medium
49.74,16.51,94.43,0,High
39.63,21.91,70.54,1,High
81.4,27.42,45.63,0,Medium
45.67,40.02,112.75,0,High
79.82,30.11,49.73,0,Medium
28.34,28.69,14.86,0,Low
94.46,16.2,74.58,0,Low
29.48,22.15,32.95,0,Low
20.08,20.34,11.23,0,Low
63.87,22.32,2.91,0,Low
30.15,19.84,117.75,0,High
98.94,17.92,116.94,1,High
53.61,27.67,111.75,1,High
50.33,36.41,116.15,1,High
65.42,38.25,17.9,0,Medium
56.5,20.11,29.29,0,Medium
76.71,47.98,0.9,1,Medium
24.8,34.46,82.08,0,High
75.78,34.61,24.92,0,Low
73.35,30.57,38.59,1,Medium
20.89,47.56,26.7,0,High
42.69,28.8,38.93,0,Low
90.02,20.07,93.2,1,High
61.43,26.1,18.84,1,Medium
93.12,41.31,116.38,1,High
40.57,32.92,38.45,1,Medium
34.67,30.48,78.1,1,High
60.46,42.04,78.47,0,Medium
90.01,35.25,33.39,1,Medium
25.31,22.96,7.28,0,Low
68.83,41.1,98.63,0,High
65.04,30.61,78.61,1,High
27.85,42.36,71.29,1,High
26.76,40.56,70.8,1,High
80.07,24.67,106.72,0,High
42.29,38.4,113.78,1,High
38.77,27.98,89.08,0,High
45.13,19.66,32.03,0,Low
50.24,41.07,7.73,1,Medium
98.83,38.3,74.13,1,High
70.84,27.53,110.91,0,High
79.96,47.19,55.32,0,Medium
39.89,44.26,11.71,0,Low
69.17,31.35,74.08,1,High
41.59,34.73,53.03,1,Medium
49.91,29.72,49.16,1,Medium
55.88,15.54,115.68,0,High
89.53,44.92,40.5,0,Medium
41.38,22.32,13.67,0,Low
80.88,25.44,24.63,0,Low
93.53,43.87,109.93,0,High
57.24,16.57,10.03,0,Low
33.6,46.46,23.45,0,Low
71.28,37.31,39.78,0,Medium
95.02,24.96,30.62,0,Low
56.1,35.87,19.14,0,Medium
41.83,20.35,39.89,0,Low
35.23,21.37,65.01,1,High
95.52,29.08,108.13,1,Medium
77.71,40.11,101.17,1,High
50.12,25.01,20.76,0,Low
86.16,36.1,88.21,0,High
34.7,15.03,71.82,0,Medium
34.89,25.95,8.43,1,Medium
44.97,47.41,115.72,1,High
68.06,37.79,11.54,1,Medium
68.33,47.56,80.64,0,High
74.24,16.33,104.04,0,Medium
60.58,45.92,30.88,0,Low
24.62,17.66,87.24,0,High
43.07,21.44,3.22,0,Low
71.83,27.81,66.6,1,High
94.54,40.13,110.73,0,High
94.26,28.75,0.43,1,Medium
27.63,26.61,84.15,0,High
31.71,39.68,42.58,1,Medium
46.45,24.05,97.42,0,High
31.12,41.66,81.26,1,High
58.68,29.5,13.45,0,Low
33.14,19.37,114.49,1,High
45.77,44.64,67.56,0,Medium
29.19,33.36,41.46,0,Medium
57.81,47.05,66.36,1,High
22.98,41.53,12.17,0,Medium
23.44,17.62,83.53,1,High
47.1,22.53,22.65,0,Low
31.21,46.67,71.37,0,Medium
76.33,42.05,58.02,0,Medium
28.42,36.93,4.03,1,Medium
35.26,36.08,75.42,0,Medium
54.67,26.64,86.46,0,High
58.96,46.89,90.76,0,High
22.12,46.1,38.3,1,High
77.5,16.56,7.43,1,Medium
25.73,45.8,112.43,0,High
43.35,17.11,88.5,1,High
44.9,15.41,52.08,0,Medium
68.34,42.95,48.78,0,Medium
37.84,46.16,33.0,1,Medium
49.34,26.59,62.96,0,Medium
61.66,26.22,98.61,1,High
60.24,37.17,95.46,0,High
51.42,16.08,13.93,1,Medium
59.64,26.76,67.27,0,Medium
73.36,25.5,41.55,0,Medium
45.18,25.9,83.29,0,High
55.28,44.46,4.36,0,Low
60.58,29.0,1.22,0,Low
96.34,24.46,103.95,0,High
36.21,37.61,65.88,0,Medium
41.48,19.56,83.84,0,Medium
79.24,45.59,8.97,1,Medium
71.84,17.27,100.13,0,High
90.24,41.81,61.91,1,High
28.06,36.74,16.08,0,Medium
43.96,22.66,74.4,0,Medium
88.02,43.41,41.07,0,Medium
32.34,32.45,10.36,0,Low
85.73,33.56,66.91,0,Medium
26.08,33.54,39.45,0,Medium
67.7,23.71,22.54,1,Medium
90.32,26.11,81.49,0,High
85.73,37.83,67.11,1,Medium
99.27,40.82,112.51,0,Medium
83.35,29.89,94.75,1,High
80.11,41.17,74.37,0,Medium
97.34,29.49,53.66,0,Medium
64.21,29.27,99.21,0,High
65.14,29.59,84.63,0,High
76.0,39.74,81.17,0,High
59.87,34.41,0.3,0,Low
30.33,41.94,86.05,0,High
88.34,28.66,68.46,1,High
77.45,33.71,59.59,0,Medium
42.25,46.65,84.87,0,High
93.51,39.93,73.13,1,High
81.23,32.19,104.19,1,High
60.48,29.27,13.03,1,Medium
58.75,16.61,1.98,0,Low
76.41,41.25,27.4,0,Medium
44.29,44.33,65.29,0,Medium
46.4,30.54,57.61,0,Medium
88.16,43.5,66.38,0,Medium
43.4,41.37,59.79,0,Medium
61.15,38.47,60.47,0,Medium
97.87,41.8,103.29,0,High
44.54,40.14,16.85,0,Medium
45.79,27.77,98.41,1,High
25.9,40.27,95.04,0,High
93.21,41.42,46.85,0,Medium
43.41,41.53,39.37,0,Medium
23.55,47.92,104.33,0,High
55.07,24.47,15.6,0,Low
94.84,15.13,17.18,1,Medium
38.06,36.65,39.3,0,Medium
68.2,37.92,43.86,1,Medium
97.14,35.52,33.3,0,Medium
73.48,33.5,106.22,0,High
35.18,18.51,115.82,0,High
67.12,17.04,98.66,1,High
62.75,24.13,3.63,0,Low
24.14,39.94,42.01,0,Medium
88.73,24.81,25.22,0,Low
45.41,17.74,19.02,0,Low
24.58,22.02,109.0,0,High
39.24,28.85,25.35,1,Medium
66.07,26.88,73.3,1,High
83.25,43.98,38.64,0,Low
24.27,39.35,20.52,0,Medium
34.76,18.12,41.76,0,Medium
50.51,16.28,72.03,1,High
80.16,28.98,35.93,1,Low
90.67,23.05,68.89,0,Medium
32.25,25.93,80.41,0,High
89.41,40.03,119.07,0,High
86.59,39.1,96.22,0,High
71.06,31.99,102.12,0,High
83.95,46.74,29.87,0,Low
94.9,44.93,68.82,0,Medium
98.0,23.42,86.97,0,High
36.9,21.24,102.78,0,High
77.36,23.26,105.17,0,High
26.79,31.88,54.09,0,Medium
47.51,23.63,33.38,0,Low
99.05,25.79,10.61,1,Medium
83.2,31.91,40.44,0,Medium
95.19,46.72,81.68,0,High
59.3,38.25,9.39,0,Medium
26.8,42.59,111.96,1,High
94.23,46.69,15.35,0,Low
37.72,25.72,2.79,1,Medium
72.25,36.41,93.4,0,High
21.25,21.82,37.49,1,Low
73.29,35.78,112.28,0,High
31.0,33.61,7.39,0,Low
54.23,24.23,82.3,0,High
70.22,32.77,3.73,0,Low
41.66,25.82,112.27,0,High
69.67,28.65,56.42,1,Medium
74.85,16.32,95.4,1,High
71.42,36.54,72.98,0,Medium
78.59,38.28,28.35,1,Medium
42.22,27.1,46.92,0,Medium
84.34,29.44,84.75,1,High
22.26,37.31,41.25,0,Medium
65.1,23.49,74.41,0,Medium
36.3,18.68,14.39,0,Low
20.15,46.45,2.4,0,High
93.17,38.53,55.64,0,High
87.95,45.65,30.57,1,Medium
61.27,32.26,110.95,0,High
52.01,19.41,23.08,1,Medium
76.39,32.5,44.92,0,Medium
90.5,33.05,98.39,0,High
89.23,27.75,47.51,0,Medium
63.59,36.8,51.66,1,Medium
47.68,45.46,24.88,0,Low
86.29,19.58,109.19,0,High
60.81,16.19,59.65,1,Medium
71.93,31.42,11.19,1,Medium
35.27,35.07,21.34,0,Medium
27.29,43.9,35.44,0,High
95.55,38.59,8.27,0,Medium
95.75,18.5,47.52,0,Medium
75.58,24.04,41.38,1,Medium
32.65,29.26,17.2,0,Low
61.75,21.5,9.16,1,Medium
31.15,31.28,78.22,1,High
66.5,22.73,44.65,1,Medium
57.34,47.68,119.55,0,High
26.45,25.68,28.53,1,Medium
56.26,26.21,21.64,0,Low
88.15,22.95,64.61,1,High
32.2,20.33,73.47,1,High
94.38,16.42,67.82,0,Medium
56.22,17.9,86.55,1,High
45.19,44.78,95.58,0,High
73.03,30.84,108.62,0,High
71.23,33.02,14.88,0,Low
87.75,27.5,98.59,0,High
30.82,45.51,57.67,1,Medium
41.21,27.1,86.1,0,High
63.77,29.8,99.38,0,High
96.27,28.04,96.01,0,High
32.92,34.34,14.25,0,Low
75.62,45.03,21.72,0,Low
53.57,20.77,3.49,0,Low
65.92,20.16,54.08,0,Medium
78.34,25.22,64.82,0,Medium
69.36,17.42,21.38,1,Medium
86.87,21.15,26.31,0,Low
69.74,37.66,108.62,1,High
64.78,25.09,108.89,1,High
78.23,45.21,62.23,0,Medium
81.66,31.51,92.14,1,High
89.21,25.49,58.03,0,Medium
90.96,27.71,119.58,1,High
58.34,41.35,109.03,0,High
54.19,31.84,61.12,1,High
88.48,38.41,95.49,0,High
22.68,27.64,56.93,1,High
54.81,28.72,30.0,0,Low
57.92,34.17,0.76,0,Low
56.07,21.84,62.85,1,High
51.71,36.08,29.87,1,Medium
62.92,30.17,115.44,0,High
43.6,41.04,66.67,0,Medium
72.32,44.66,87.09,1,High
58.75,45.32,96.82,1,High
25.57,31.28,9.69,0,Low
86.87,24.23,62.3,1,High
34.0,18.38,24.61,0,Low
69.15,39.62,90.13,1,High
55.9,21.68,83.91,0,High
29.08,33.73,22.26,0,Low
98.07,37.59,21.81,1,Medium
32.23,22.21,104.73,0,High
64.53,23.44,117.14,1,High
81.84,17.22,20.62,0,Low
62.96,36.63,93.96,0,High
60.7,38.69,31.6,0,Low
84.02,26.23,17.98,1,Medium
87.69,17.33,3.66,0,Low
42.32,46.65,106.52,1,High
74.87,31.89,50.75,0,Medium
80.55,47.94,57.42,0,Medium
36.93,16.39,48.57,0,Medium
76.0,15.24,42.64,0,Medium
91.73,20.16,109.18,1,High
68.38,17.78,7.83,1,Medium
84.77,28.3,53.38,0,Medium
75.04,30.57,85.66,0,High
20.98,19.15,66.42,0,Medium
70.2,32.17,95.76,1,High
20.24,35.45,112.17,0,High
51.76,42.2,66.1,0,Medium
36.12,33.18,7.06,0,Low
93.63,18.36,112.77,1,High
87.22,17.32,2.19,1,Medium
84.93,19.21,14.95,0,Low
78.42,46.34,91.92,0,High
86.59,21.04,8.2,0,Low
91.4,37.82,114.26,0,High
79.34,23.01,65.02,0,Medium
79.58,18.9,57.04,0,Medium
54.56,24.37,14.26,0,Low
67.24,20.6,86.83,1,High
22.1,32.23,38.41,1,Medium
87.36,45.2,36.39,1,Medium
66.56,21.63,91.24,0,High
48.75,29.49,21.64,0,Low
82.26,41.33,89.59,1,High
57.47,34.65,110.31,0,High
33.07,27.25,6.27,0,Low
40.56,40.58,64.17,1,Medium
60.85,25.06,21.64,0,Low
67.38,27.52,22.41,1,Medium
22.39,25.17,108.23,0,High
66.07,33.72,99.45,1,High
44.14,16.35,37.76,0,Low
28.77,30.12,45.76,0,Medium
21.62,42.79,116.84,0,High
62.24,26.03,17.88,0,Medium
85.96,28.89,49.77,0,Medium
33.99,19.99,19.86,0,Low
38.84,44.89,33.43,0,Medium
59.65,36.6,64.36,1,High
97.61,30.15,76.31,0,Medium
89.16,24.25,93.1,1,High
62.69,32.32,102.05,0,High
41.71,26.8,57.47,0,Medium
81.64,15.62,54.6,0,Medium
30.45,28.12,49.4,1,Medium
45.71,34.44,61.89,0,Medium
29.14,24.91,51.75,1,Medium
39.62,17.8,49.66,0,Medium
78.67,33.41,86.9,0,High
64.06,40.43,38.05,0,Medium
60.25,17.97,79.95,0,Medium
49.29,16.61,3.56,0,Low
48.44,24.07,117.6,1,High
42.7,17.33,81.99,1,High
40.03,39.62,92.37,0,Medium
76.3,47.67,29.12,1,Medium
32.83,36.8,90.6,1,High
66.07,25.01,105.16,1,High
87.89,21.29,98.56,1,High
26.03,37.37,94.87,0,High
73.76,40.38,60.69,0,Medium
90.68,22.77,59.61,0,Medium
36.91,47.28,52.15,1,Medium
51.79,35.56,110.76,0,High
75.99,25.62,102.86,1,High
97.86,43.52,36.44,0,Low
45.85,24.46,16.32,0,Low
60.97,22.11,112.63,0,High
28.74,35.55,101.94,0,High
41.2,24.01,53.66,0,Medium
71.88,16.75,40.84,0,Medium
37.67,21.62,0.11,0,Medium
41.84,47.83,110.21,1,High
57.1,42.87,96.32,1,High
53.34,43.71,105.85,1,High
32.45,37.64,109.97,0,High
66.34,28.48,97.31,0,High
41.9,20.2,36.78,1,Medium
72.81,19.7,13.36,1,Medium
89.97,46.16,5.59,0,Low
99.75,26.48,34.26,0,Low
78.29,30.56,29.35,0,Low
52.0,37.06,48.03,0,Medium
82.06,47.26,53.32,0,Medium
30.71,24.8,10.37,0,Low
47.71,41.19,29.51,0,Medium
65.35,21.4,41.37,0,Medium
31.89,29.74,65.17,1,High
25.61,26.11,96.51,1,High
52.8,25.44,109.94,0,High
92.74,39.62,81.82,1,High
71.07,21.91,27.08,0,Low
25.73,16.2,53.18,0,Medium
28.86,21.49,63.58,0,Medium
93.93,32.98,49.81,0,Medium
94.57,31.55,60.45,0,Medium
55.07,23.99,79.06,0,Medium
76.75,36.25,47.68,1,Medium
20.48,17.47,51.67,1,Medium
72.44,25.18,119.72,0,High
97.36,43.64,38.27,0,Low
74.76,31.21,2.02,1,Medium
45.27,20.99,22.5,0,Low
80.64,29.42,25.05,1,Medium
85.18,39.08,49.03,0,Medium
66.32,32.08,81.72,0,High
54.24,15.53,28.36,0,Low
64.19,38.58,32.96,0,Medium
52.9,28.27,21.47,0,Low
92.72,34.59,35.92,0,Low
46.58,42.28,8.84,1,Medium
32.48,44.0,51.0,1,Medium
51.59,24.95,16.55,0,Low
82.03,21.66,87.76,0,High
26.94,46.34,55.57,0,Medium
42.3,31.68,106.35,1,High
72.98,18.8,35.21,1,Medium
70.83,29.3,29.34,0,Low
61.55,33.3,26.63,0,Low
49.08,19.94,71.62,0,Medium
88.79,42.9,13.09,0,Low
99.98,22.43,33.66,0,Low
75.36,30.87,26.51,0,Low
83.39,31.46,34.62,1,Medium
76.81,33.88,105.53,1,High
37.34,18.98,55.87,0,Medium
45.92,41.89,89.86,0,High
52.63,27.86,19.31,1,Medium
57.95,26.26,25.93,0,Low
42.94,40.0,75.57,0,Medium
70.48,20.07,43.66,0,Medium
35.03,43.33,6.4,0,Low
62.52,41.42,71.42,0,Medium
75.29,22.52,89.02,1,High
38.22,22.81,103.04,1,High
77.17,20.24,19.09,0,Low
38.85,15.3,44.45,0,High
70.13,17.34,38.04,0,Low
52.96,30.35,24.99,0,Low
92.85,22.39,37.29,1,Medium
46.62,35.89,22.76,0,Medium
20.55,43.21,84.45,0,High
37.88,20.56,56.54,0,Medium
37.45,36.88,92.02,1,Medium
55.17,40.54,78.09,0,Medium
38.8,32.55,24.52,0,Low
43.3,31.72,58.41,0,Medium
93.56,42.72,105.49,0,High
68.74,29.35,38.65,0,Medium
20.6,43.1,5.57,0,High
35.85,44.56,22.81,0,Low
39.26,19.97,37.95,0,Low
99.91,22.58,99.68,1,High
38.04,28.92,67.03,1,High
41.97,33.13,65.96,0,Medium
33.49,20.32,36.25,1,Medium
61.04,35.58,42.9,1,Medium
43.55,26.34,54.33,0,Medium
37.87,31.1,17.94,0,Low
33.96,34.18,50.0,1,Medium
53.09,40.87,49.96,0,Medium
52.98,40.04,41.24,0,Medium
64.45,37.75,77.22,0,Medium
65.06,24.72,2.74,0,Low
56.04,20.44,34.57,0,Low
33.74,35.2,90.4,0,High
94.11,34.85,92.0,1,High
69.81,25.13,51.8,0,Medium
23.35,29.5,25.66,0,Low
43.97,20.78,26.34,0,Low
60.0,16.83,4.79,1,Medium
69.72,33.58,38.28,0,Low
86.8,44.56,58.0,0,Medium
72.67,17.9,56.87,1,Medium
20.3,25.72,70.74,0,Medium
99.3,46.0,15.08,0,Low
78.68,27.09,89.55,1,High
77.31,35.65,100.47,1,High
23.88,21.34,0.51,0,Low
72.63,27.7,0.38,0,Low
89.29,15.75,63.66,0,Medium
68.67,37.49,14.69,0,Medium
97.94,29.62,41.34,0,Medium
40.58,20.68,20.43,0,Low
21.58,16.72,111.59,1,High
56.1,23.09,115.52,0,High
55.9,27.38,4.54,1,Medium
28.19,33.51,11.85,1,Medium
55.38,19.54,0.53,1,Medium
84.02,45.21,48.71,0,Medium
70.15,21.08,12.92,0,Low
31.1,24.68,36.71,1,Medium
72.25,31.81,24.17,1,Medium
58.34,17.05,30.97,0,Low
90.07,34.87,50.75,0,Medium
72.06,34.31,18.58,0,Low
23.98,25.82,104.38,0,High
96.51,43.88,99.03,0,High
80.52,34.05,86.36,1,High
96.61,24.99,118.34,0,High
28.98,40.9,66.58,0,Medium
46.57,29.8,103.52,0,High
66.68,47.72,28.97,1,Medium
64.32,35.24,87.12,0,Medium
70.58,47.96,35.35,1,Medium
54.03,23.28,41.64,0,Medium
51.68,16.32,110.15,0,High
26.92,35.93,103.66,1,High
31.71,34.88,110.55,0,High
81.27,39.5,29.61,1,Medium
82.05,37.94,79.9,0,Medium
47.17,16.4,104.25,0,High
25.55,38.87,89.85,0,High
93.06,39.85,78.93,0,Medium
94.26,34.66,50.0,0,Medium
71.57,17.55,17.06,0,Low
96.15,29.12,94.09,0,High
31.63,47.9,3.63,0,Low
74.54,23.44,86.59,1,High
37.53,37.99,94.01,1,High
82.33,17.84,22.89,0,Low
64.95,27.79,117.4,0,High
52.93,25.3,39.08,0,Medium
74.55,21.64,46.1,1,Medium
78.35,26.7,19.61,1,Medium
41.41,40.57,39.74,1,Medium
57.48,16.03,115.19,1,High
50.78,31.15,94.25,1,High
71.68,46.37,98.09,0,High
48.58,29.62,78.96,0,Medium
27.35,42.39,24.5,0,High
30.33,41.79,98.24,0,High
41.64,42.28,42.24,0,Medium
20.47,33.96,89.7,1,High
62.43,20.88,77.51,1,High
74.83,18.65,12.75,0,Low
84.78,41.27,16.97,0,Medium
70.61,17.08,113.34,1,High
30.26,21.92,54.11,0,Medium
22.07,15.01,42.04,0,Medium
93.01,44.06,17.18,0,Low
45.01,36.89,28.46,0,Medium
40.04,46.82,36.75,1,Medium
33.7,31.73,13.53,0,Low
49.0,20.56,48.0,0,Medium
28.09,32.73,56.17,0,Medium
98.49,20.81,23.13,1,Medium
55.49,23.24,51.53,0,Medium
93.22,25.11,23.78,0,Low
47.45,42.77,62.26,0,Medium
80.17,24.83,72.8,0,High
63.97,34.75,71.99,0,Medium
97.73,35.52,80.51,0,High
25.15,26.56,21.13,0,Low
44.22,25.99,80.44,1,High
49.11,18.34,20.96,0,Low
72.98,20.15,23.29,0,Low
21.5,31.54,103.53,0,High
98.58,37.33,102.08,0,High
50.77,25.7,86.04,0,High
65.49,24.72,58.74,0,Medium
83.29,34.29,1.13,0,Low
93.22,28.65,68.94,0,Medium
25.38,44.61,109.25,0,High
24.6,34.73,51.5,0,High
42.95,36.51,75.26,1,High
86.85,34.98,8.25,0,Low
71.33,35.28,1.25,0,Medium
81.5,16.95,36.44,0,Low
53.66,17.35,13.59,0,Low
76.91,16.59,67.52,0,Medium
82.72,27.39,74.73,1,High
26.5,29.34,21.93,0,Low
67.26,26.89,34.65,1,Medium
83.96,19.4,89.61,0,Medium
62.27,19.29,25.19,0,Low
91.35,36.69,99.87,0,High
48.93,33.12,61.91,0,Medium
66.24,39.9,44.41,0,Medium
33.86,34.27,50.47,1,Medium
35.62,40.39,107.04,0,High
62.75,43.23,89.94,1,High
92.05,43.18,6.45,0,Low
25.06,40.03,64.36,0,Medium
87.14,16.9,73.93,0,Medium
98.64,37.64,12.5,1,Medium
99.74,18.25,12.04,0,Low
25.48,44.33,96.05,0,High
45.8,44.91,35.85,1,Medium
74.47,44.56,18.71,0,Low
73.44,45.16,45.69,0,Medium
83.02,44.6,81.61,1,High
96.32,46.97,116.09,1,High
80.77,39.85,10.31,0,Medium
59.46,22.91,6.38,1,Medium
79.57,45.75,56.4,0,Medium
69.3,26.6,89.55,0,High
39.42,32.39,26.81,1,Medium
63.92,38.89,10.51,0,Medium
57.2,43.58,29.23,0,Low
85.17,41.79,55.56,0,Medium
30.6,18.77,92.63,0,High
92.58,36.77,47.54,0,Medium
80.82,33.62,61.05,0,Medium
86.43,17.06,90.59,0,High
74.32,38.65,62.84,0,Medium
36.15,26.57,49.21,0,Medium
77.67,20.74,43.95,1,Medium
39.85,32.34,95.02,0,High
46.63,36.56,65.94,1,High
61.01,30.62,23.81,0,Low
41.66,33.72,55.47,0,Medium
37.56,18.3,94.24,0,High
21.9,23.29,5.2,0,Low
61.1,33.3,30.29,0,Medium
71.68,39.24,80.76,0,High
77.24,19.23,23.42,0,Low
29.55,20.11,19.87,0,Low
34.11,38.51,33.72,0,Medium
82.82,46.67,59.1,1,Medium
32.64,42.81,10.18,0,Low
61.42,42.96,3.31,0,Low
87.26,32.46,7.34,0,Medium
31.07,41.33,55.78,0,Medium
69.88,24.64,16.04,0,Low
62.32,23.99,31.7,0,Low
82.17,43.67,35.15,0,Medium
79.75,24.98,67.38,1,High
85.38,43.96,5.51,0,Low
44.75,23.23,32.1,0,Low
51.5,36.64,100.32,0,High
31.82,41.93,4.47,1,Medium
73.39,27.16,78.25,0,Medium
56.64,16.5,51.63,0,Medium
26.02,37.05,37.06,1,Medium
59.8,25.24,83.33,1,High
42.92,35.49,95.91,0,Medium
62.84,47.85,116.28,1,High
47.6,20.29,79.91,0,Medium
86.19,26.11,80.05,0,Medium
50.24,46.35,57.99,1,Medium
97.07,44.96,68.64,0,Medium
85.27,43.42,98.26,0,High
65.53,20.16,7.32,0,Low
88.33,40.83,102.87,0,High
20.81,35.66,14.46,1,Medium
85.86,39.55,113.85,0,High
30.63,43.99,100.64,0,High
29.34,45.49,20.86,0,High
29.96,15.68,119.29,0,High
42.77,22.26,51.1,0,High
99.73,32.45,46.59,0,Medium
41.29,31.57,51.82,0,Medium
38.02,15.91,4.59,1,Medium
84.65,44.26,76.21,0,Medium
52.11,25.97,104.4,0,High
43.1,19.5,110.23,1,Medium
34.64,41.76,62.82,0,Medium
25.49,43.25,23.03,1,High
26.66,18.16,96.05,0,High
47.89,39.06,7.96,1,Medium
68.56,47.09,44.95,1,Medium
71.07,19.61,66.34,1,High
86.81,29.18,116.01,0,High
49.42,34.81,10.18,0,Low
96.16,28.58,91.52,0,High
89.05,15.01,6.71,0,Low
47.34,17.19,38.14,1,High
29.33,24.49,76.94,0,Medium
46.34,23.15,114.83,1,High
55.6,21.25,18.81,1,Medium
68.97,36.46,92.8,0,High
78.66,41.56,86.52,0,High
53.8,18.2,54.15,1,High
75.15,33.54,40.93,0,Medium
72.19,34.88,55.22,0,Medium
98.48,29.02,47.06,0,Medium
99.25,38.32,43.1,0,Medium
22.94,32.42,97.37,0,High
78.24,38.74,31.5,0,Medium
87.18,19.49,23.38,0,Medium
53.25,41.01,17.85,0,Medium
60.47,31.44,67.06,1,High
74.19,28.06,34.79,1,Medium
22.59,39.75,45.84,0,Medium
32.43,32.6,83.47,1,High
55.57,22.13,67.81,1,High
29.07,31.02,37.39,0,Low
92.63,31.17,98.22,1,High
26.01,28.88,80.24,0,High
71.21,20.85,4.46,0,Low
27.29,45.94,115.62,0,High
86.66,21.76,51.53,0,Medium
93.58,36.48,13.29,0,Medium
90.79,19.57,6.52,0,Low
87.07,17.46,96.13,1,Medium
56.91,22.3,71.25,1,Medium
78.17,21.94,78.77,0,Medium
81.58,23.86,46.75,1,Medium
64.86,31.65,116.23,0,High
77.58,45.64,108.94,0,High
83.68,41.55,77.32,1,High
36.35,31.49,62.58,1,High
27.11,37.87,101.83,0,High
32.54,42.92,114.24,1,High
60.47,32.54,84.78,0,High
38.47,27.49,103.83,1,High
34.74,42.94,69.49,0,Medium
54.95,46.6,61.11,0,Medium
50.32,29.1,40.43,1,Medium
89.84,44.88,105.7,0,High
71.03,46.51,87.25,0,High
81.8,45.34,91.59,0,High
59.99,25.83,113.13,0,High
47.86,36.1,62.41,1,High
48.72,29.28,24.68,0,Low
90.49,16.7,116.8,0,High
36.36,24.77,105.09,1,High
76.46,43.78,79.03,0,Medium
90.19,24.1,15.41,0,Low
30.93,35.66,38.26,1,Medium
80.72,41.18,18.66,0,Medium
32.89,21.85,0.29,0,Low
77.94,46.75,25.05,0,Low
21.44,40.03,52.08,0,Medium
32.6,29.84,24.35,0,Low
47.3,32.42,80.34,0,High
21.8,18.78,47.4,0,Medium
52.89,29.57,13.09,0,Low
51.08,31.73,37.7,0,Low
59.59,45.06,100.56,0,High
32.25,37.77,56.24,0,Medium
43.63,24.39,58.9,1,Medium
79.74,30.58,86.86,0,High
38.0,39.38,85.81,1,High
88.42,23.23,88.32,0,High
52.12,35.04,119.01,0,High
23.63,41.08,50.84,1,Medium
80.59,30.35,104.22,0,High
91.08,23.4,79.09,1,High
40.88,36.94,101.9,1,High
20.98,29.59,56.64,0,Medium
93.19,25.79,69.51,0,Medium
23.26,46.11,5.6,0,High
82.91,19.9,21.52,0,Low
57.56,39.14,78.15,1,High
97.52,29.81,5.33,1,Medium
99.96,24.99,3.17,0,Low
41.93,47.75,84.56,1,High
33.73,19.06,70.45,0,Medium
91.38,23.14,110.76,0,High
87.66,16.17,67.14,0,Medium
89.08,22.93,100.78,1,High
50.48,43.18,17.35,0,Low
56.2,26.64,14.18,0,Low
75.23,33.98,60.21,0,Medium
75.94,32.57,77.42,0,Medium
69.98,29.64,90.91,0,High
85.66,34.86,89.92,1,High
40.58,15.12,116.01,0,High
40.33,37.87,52.18,0,Medium
47.93,23.07,32.09,1,Medium
21.39,18.78,32.6,1,Medium
28.45,43.58,26.53,1,Medium
77.22,23.47,61.14,1,High
30.03,28.59,102.2,1,High
84.68,24.02,0.34,0,Medium
92.78,36.18,69.96,1,High
74.18,17.0,105.7,0,High
41.03,19.03,84.29,0,High
21.9,42.0,24.73,0,High
28.0,17.38,3.08,0,Low
72.85,47.64,80.33,0,High
50.15,34.79,115.05,0,High
46.6,44.16,16.29,0,Low
77.25,41.61,57.24,1,Medium
49.4,25.58,61.2,0,Medium
30.98,29.38,107.0,1,High
72.84,44.29,71.25,0,Medium
48.22,46.09,106.32,0,High
56.09,16.94,107.09,0,High
42.36,26.32,14.78,0,Low
38.73,35.56,117.51,1,High
59.53,20.5,63.79,0,Medium
32.38,43.26,37.37,0,Low
87.13,39.42,100.87,0,High
51.49,27.51,50.21,1,Medium
51.16,16.14,33.02,0,Low
84.49,32.91,102.49,0,High
98.16,15.49,71.62,0,Medium
67.89,26.95,7.27,1,Medium
27.87,35.16,63.1,0,Medium
21.35,23.94,93.29,0,High
26.52,41.36,106.22,0,High
23.52,34.51,109.18,0,High
71.43,42.46,57.1,0,Medium
47.88,34.24,55.76,0,Medium
50.81,28.03,65.75,0,Medium
50.45,27.68,74.04,1,High
60.4,29.95,86.31,0,High
49.98,25.79,85.72,0,High
64.44,40.5,22.8,0,Medium
52.58,36.91,59.17,0,Medium
81.83,32.37,114.01,0,High
33.43,24.43,40.57,1,Medium
35.38,35.93,22.81,1,Medium
72.66,45.9,58.79,1,Medium
64.67,15.49,103.35,0,High
59.51,35.41,30.9,0,Medium
32.99,16.85,76.34,0,Medium
76.17,47.69,86.74,0,High
26.38,22.32,50.1,1,Medium
99.65,27.24,85.11,0,High
46.95,22.7,39.37,1,Medium
37.39,44.89,10.23,0,Low
48.36,32.08,5.21,0,Low
74.48,33.72,52.55,0,Medium
60.01,15.86,39.39,0,Low
25.03,36.52,47.73,0,Medium
96.56,29.04,31.72,0,Low
69.79,25.62,7.65,1,Medium
29.91,45.57,1.66,0,High
48.8,32.39,83.49,0,High
85.37,39.6,97.01,0,High
79.77,34.89,79.99,0,Medium
90.86,26.53,78.42,1,High
80.09,41.1,50.41,0,Medium
33.52,23.6,109.46,0,High
39.32,38.86,68.87,0,Medium
76.54,44.88,67.62,1,High
76.66,31.3,65.83,0,Medium
81.91,38.88,85.72,0,High
67.63,46.91,14.3,0,Low
58.18,24.51,66.0,0,Medium
48.54,20.8,69.17,0,Medium
65.19,32.75,20.78,0,Low
81.89,26.93,29.85,0,Low
22.17,42.08,23.61,0,High
97.51,46.86,32.93,0,Low
70.34,34.73,6.55,1,Medium
30.24,23.5,108.83,0,High
87.06,39.25,46.97,0,Medium
79.45,44.75,71.84,0,Medium
56.36,41.78,6.46,1,Medium
25.89,47.23,0.66,0,High
97.4,27.59,3.27,1,Medium
98.94,47.33,40.47,0,Medium
61.77,34.79,30.13,0,Low
20.08,22.55,25.19,1,Medium
70.07,18.39,88.62,0,High
72.81,21.51,10.24,1,Medium
96.99,27.6,39.09,0,Low
98.37,22.3,44.3,0,Medium
50.63,43.27,16.84,0,Low
33.64,15.41,32.8,1,Medium
84.82,38.75,113.69,0,High
73.23,22.16,36.43,0,Low
56.95,22.52,119.22,1,High
84.72,42.68,95.39,1,High
80.54,39.61,32.59,1,Medium
58.39,33.93,100.43,0,High
41.08,30.8,40.25,1,Low
40.49,33.87,7.48,1,High
65.46,26.14,17.68,0,Low
74.33,32.53,96.78,0,High
75.2,22.59,78.22,0,High
89.48,24.6,119.73,0,High
88.1,25.05,54.06,0,Medium
53.79,25.21,81.21,1,High
76.91,20.16,50.64,0,Medium
27.59,43.12,86.88,0,High
78.26,34.83,67.02,0,Medium
66.28,41.69,89.31,0,High
35.45,20.46,70.36,0,Medium
83.84,45.75,50.09,0,Medium
62.76,15.72,60.45,0,Medium
71.96,26.83,0.69,1,Medium
93.79,25.73,31.06,0,Low
48.55,17.22,48.34,1,Medium
33.04,36.74,63.2,1,High
59.42,41.27,114.72,1,High
76.38,37.85,44.92,0,High
68.52,28.28,65.25,1,High
69.87,31.97,94.45,0,High
85.22,17.25,82.91,0,High
35.65,22.06,23.78,0,Low
72.74,18.47,3.23,0,Low
99.09,25.0,26.65,1,Medium
68.47,40.8,43.75,0,Medium
87.72,33.78,34.79,0,Low
57.24,47.58,105.49,1,High
68.08,32.65,61.67,0,Medium
63.02,16.61,53.8,0,Medium
24.08,44.17,99.2,0,Medium
64.99,16.8,38.45,0,Low
48.62,43.38,110.2,1,High
76.79,39.98,47.09,0,Medium
79.18,38.72,10.3,1,Medium
94.6,45.15,95.69,1,High
34.98,27.16,32.05,0,Low
71.69,47.47,82.45,1,High
71.45,30.06,79.16,0,Medium
62.51,29.93,8.71,0,Low
51.57,27.77,33.6,0,Low
44.91,20.69,104.32,0,High
46.16,16.57,4.42,0,Low
78.46,26.53,116.17,0,High
54.11,21.98,106.28,0,High
51.12,44.76,77.09,0,Medium
92.15,33.04,34.21,0,Low
45.13,32.72,40.78,0,Medium
30.41,16.22,18.92,0,Low
59.12,27.68,85.01,1,High
72.47,30.81,92.41,0,High
34.74,18.02,20.33,0,Low
94.04,24.84,100.84,0,High
63.87,19.81,9.51,0,Low
48.04,26.76,45.47,0,Medium
29.52,41.06,65.93,1,Medium
37.94,23.61,1.71,1,Medium
88.43,44.64,46.79,0,Medium
81.55,32.73,30.57,0,Low
63.37,15.45,115.13,0,High
36.92,40.24,88.47,1,High
72.66,42.57,24.73,0,Low
27.72,18.49,23.74,1,Medium
79.9,21.16,119.12,1,High
94.32,42.47,77.75,0,Medium
20.77,29.33,10.74,0,Low
93.31,44.04,98.27,0,High
23.87,36.58,77.07,0,Medium
59.13,22.92,37.7,0,Low
96.47,32.77,87.74,0,High
72.25,30.91,68.69,1,High
96.22,15.11,25.53,1,Medium
67.85,20.85,97.68,0,High
50.98,32.21,57.62,1,Medium
92.67,31.6,109.97,0,High
43.49,41.08,31.72,1,Medium
21.73,46.25,120.0,0,High
91.92,39.54,39.87,0,Medium
21.92,31.55,87.89,1,High
62.6,39.27,115.73,0,High
66.69,34.91,65.42,1,High
77.31,31.91,104.45,0,High
21.58,16.95,42.22,0,Medium
35.15,22.6,93.66,0,High
33.79,18.66,10.46,0,Medium
46.69,46.73,60.9,0,Medium
41.45,46.24,46.03,0,Medium
64.06,25.08,63.83,1,High
20.57,44.18,80.55,1,High
74.65,45.34,35.9,0,Low
91.47,45.16,35.18,1,Medium
43.66,44.17,4.4,0,Low
98.13,36.45,113.99,1,High
20.7,47.38,108.33,1,Medium
49.36,23.53,101.63,1,High
64.36,27.45,17.49,0,Low
55.15,27.25,108.69,0,High
69.3,44.3,35.91,0,Low
68.0,47.94,118.14,0,High
91.79,47.53,93.43,1,High
91.72,40.36,89.07,0,High
52.26,41.69,35.25,0,Medium
87.56,25.56,89.03,1,High
53.39,16.82,113.72,0,Medium
87.06,31.79,84.24,0,High
29.31,15.09,59.63,0,Medium
49.84,16.02,109.8,0,High
75.54,23.38,7.65,0,Low
76.02,42.05,26.69,0,Medium
37.14,40.14,95.21,0,High
64.08,28.95,118.98,0,High
31.63,29.88,92.59,0,High
60.94,47.73,20.86,0,Low
57.44,32.44,31.84,0,Low
97.83,47.9,80.38,0,High
21.9,42.54,59.67,0,High
49.49,16.05,50.85,0,Medium
39.79,34.28,38.13,0,Low
66.21,20.28,63.39,0,Medium
54.19,31.81,21.71,0,Low
73.29,29.35,93.52,0,High
41.9,16.49,64.79,0,Medium
55.02,21.47,103.62,1,High
88.53,27.97,14.15,1,Medium
32.16,36.61,52.58,0,Medium
85.87,28.09,88.62,0,High
55.24,31.75,54.94,0,Medium
82.94,34.23,64.97,0,Medium
84.95,43.28,32.07,0,Low
53.96,45.0,14.45,1,Medium
65.23,26.6,113.05,1,High
70.79,15.13,87.31,0,High
75.31,16.72,11.12,1,Medium
74.72,29.11,24.06,0,Low
76.53,40.19,35.36,0,Medium
50.31,46.85,83.18,0,High
39.12,38.53,60.07,1,High
70.79,39.27,29.19,0,Medium
41.69,21.44,96.5,0,High
37.83,37.64,93.72,0,High
22.45,19.39,70.65,0,Medium
64.33,25.51,66.49,0,Medium
56.46,36.39,69.36,0,Medium
99.03,21.83,94.83,1,High
34.86,46.92,82.32,1,High
68.29,26.14,31.29,0,Low
46.18,43.92,32.26,1,Medium
28.57,24.13,60.86,1,High
76.25,33.05,100.77,0,High
40.9,41.14,23.62,1,Medium
79.3,35.22,4.67,1,Medium
79.71,30.32,2.08,1,Medium
75.54,16.1,5.2,1,Medium
63.36,19.08,77.79,0,Medium
95.87,24.02,3.53,0,Low
24.78,26.87,35.76,1,Medium
72.73,32.67,109.29,1,High
50.68,36.64,70.09,1,High
44.41,26.85,74.84,0,Medium
96.38,21.19,74.26,0,Medium
48.97,47.5,16.92,0,Low
92.04,47.35,106.18,1,High
54.25,36.5,47.31,0,Medium
87.64,21.39,22.2,0,Medium
75.43,24.77,66.88,1,High
69.83,25.09,25.77,1,Medium
69.83,20.53,43.52,0,Medium
67.78,23.28,111.93,0,High
92.35,36.62,73.67,0,Medium
87.01,37.37,43.2,1,Medium
95.29,19.68,31.13,0,Low
32.86,41.87,61.23,0,Medium
23.43,36.02,18.0,0,High
91.96,42.68,115.0,0,High
51.87,44.57,111.23,0,High
36.16,46.18,113.66,0,High
64.89,46.16,11.27,0,Low
47.13,19.47,57.5,1,Medium
64.75,44.63,33.37,1,Medium
76.19,33.0,97.84,0,High
97.27,38.75,81.23,0,Medium
39.28,40.21,85.18,0,High
35.62,23.7,113.69,0,High
58.97,27.77,87.54,0,High
67.29,27.04,67.76,0,High
54.36,31.24,10.02,0,Low
52.85,42.73,54.93,0,Medium
77.22,47.27,65.95,0,Medium
80.11,44.99,84.37,0,High
66.17,25.05,85.16,0,High
38.64,32.96,90.71,0,High
30.2,28.63,15.07,0,Low
62.69,22.49,53.9,0,Medium
20.71,23.0,117.41,0,High
69.22,17.54,69.29,1,High
95.17,20.71,55.53,1,Medium
25.21,23.73,118.83,1,High
26.2,32.46,54.25,0,Medium
34.37,39.71,87.09,0,Medium
40.8,42.72,72.1,0,Medium
40.81,46.24,87.33,1,High
66.59,26.0,47.66,0,Medium
66.3,38.45,23.44,0,Medium
53.55,38.05,73.05,0,Medium
92.23,41.41,98.91,1,High
64.31,16.46,92.38,0,High
40.74,24.35,40.56,0,Medium
40.46,21.81,99.16,1,High
61.64,33.95,106.28,0,High
89.71,22.09,28.94,0,Low
64.24,22.67,26.68,0,Low
75.05,47.21,24.29,0,Low
75.2,34.55,64.76,1,High
70.04,33.87,64.74,0,Medium
80.43,31.82,4.07,0,Low
49.91,28.64,74.88,0,Medium
88.0,18.76,110.95,0,High
69.98,22.02,53.75,1,High
40.73,34.57,36.03,0,Low
46.8,36.03,115.31,0,High
73.42,35.04,28.45,1,Medium
65.92,28.68,97.44,0,High
46.24,45.39,32.16,1,Medium
33.03,46.33,78.67,1,High
93.91,35.06,107.25,1,High
61.6,37.06,44.75,1,Medium
99.57,27.03,113.26,1,High
25.85,27.91,6.28,0,Low
78.44,42.5,82.54,1,High
39.96,40.06,68.09,0,Medium
86.2,46.01,79.91,0,Medium
35.57,39.13,41.92,0,Medium
97.98,38.96,32.03,0,Medium
79.8,45.55,38.57,0,Low
51.47,31.64,12.68,1,Medium
93.2,26.53,29.98,0,Low
56.73,15.28,82.58,0,High
42.22,15.08,41.34,0,Medium
37.53,30.31,90.28,1,High
73.39,27.23,116.44,0,High
22.49,25.17,24.57,0,Low
89.63,25.09,51.43,1,Medium
25.07,45.97,104.03,1,High
65.44,41.44,57.08,1,Medium
26.42,34.29,25.52,0,Low
28.76,28.21,88.02,1,High
73.75,26.71,99.84,0,High
31.27,15.76,6.09,0,Low
84.61,21.59,63.06,0,Medium
29.24,44.55,19.28,1,High
58.77,27.31,66.44,0,Medium
80.56,26.03,14.05,0,Low
36.48,28.37,76.28,0,Medium
86.91,28.5,50.76,0,Medium
28.67,25.32,20.63,0,Low
66.62,29.17,67.91,0,Medium
55.82,38.15,7.3,0,Medium
80.54,47.43,95.49,0,High
67.06,42.53,111.89,0,High
77.01,44.05,81.72,0,High
70.96,24.71,10.66,0,Low
88.55,26.02,11.22,1,Medium
72.47,46.9,41.12,0,Medium
38.72,46.81,71.09,1,Medium
90.58,36.29,91.57,0,High
83.89,45.94,20.66,0,Low
45.72,28.62,103.65,1,High
74.4,18.64,95.07,0,High
32.24,47.15,23.74,1,Medium
91.41,36.64,66.17,0,Medium
72.67,42.84,78.39,0,Medium
60.25,32.24,43.3,0,Medium
53.32,15.84,33.96,1,Medium
55.94,24.25,97.28,1,High
86.16,33.17,92.84,0,High
25.07,41.37,85.05,1,High
52.34,44.29,72.61,0,Medium
93.15,33.37,0.73,1,Medium
32.95,34.76,81.73,1,High
39.22,46.23,103.22,1,High
60.05,46.68,47.28,0,Medium
33.02,33.17,12.68,0,Low
97.41,28.71,16.34,0,Low
75.59,39.71,31.77,0,Low
94.58,39.39,27.68,1,Medium
28.98,23.48,21.92,1,Medium
97.93,26.28,60.52,0,Medium
79.49,36.83,73.03,0,Medium
76.82,41.13,17.47,0,Medium
44.0,43.86,36.57,1,Medium
39.76,28.71,44.15,0,Medium
75.54,41.2,75.35,0,Medium
52.02,46.38,62.95,1,High
69.74,20.17,70.09,0,Medium
20.15,43.0,43.43,1,High
58.89,36.03,62.95,1,High
56.52,17.54,92.74,0,High
54.15,28.55,64.36,1,High
99.03,36.85,50.27,1,Medium
40.82,20.36,18.54,0,Low
25.58,18.8,76.06,0,Medium
34.24,38.98,112.33,0,High
74.36,26.32,5.91,0,Low
52.89,43.53,61.04,0,High
28.63,30.8,31.24,0,Low
21.16,24.39,118.75,1,High
45.71,27.52,82.17,1,High
71.59,25.64,113.85,0,High
47.51,21.86,22.41,0,Low
54.05,23.99,33.43,0,Low
26.07,36.67,54.83,0,Medium
91.14,17.21,41.95,0,Medium
30.19,39.06,93.29,0,High
75.5,19.48,72.99,0,Medium
39.7,19.21,93.73,1,Medium
86.02,31.7,39.2,1,High
59.18,19.94,43.02,1,Medium
42.1,33.13,25.2,0,Low
53.6,19.24,4.66,1,Medium
77.5,19.33,94.44,0,Medium
22.14,21.44,6.73,0,Medium
84.21,31.27,87.35,0,High
94.03,47.68,43.11,1,Medium
37.87,32.52,45.41,0,Medium
41.92,32.74,40.22,0,Medium
20.68,36.78,20.42,0,Medium
52.12,37.9,102.79,0,High
77.82,28.66,94.68,0,High
39.04,23.91,19.93,0,Low
67.64,18.35,32.39,0,Low
53.72,41.33,118.14,0,High
28.23,46.96,81.51,0,High
34.37,29.8,95.77,0,High
67.68,20.18,114.99,1,High
38.49,35.33,79.11,0,Medium
90.83,43.22,39.7,0,Low
67.41,30.76,72.03,1,High
34.21,24.24,15.34,1,Medium
63.99,15.78,94.62,0,High
85.84,47.74,70.37,0,Medium
45.06,43.49,95.1,0,High
50.74,28.2,76.81,0,Medium
90.07,38.8,114.83,1,High
25.14,33.34,10.82,0,Low
26.53,36.39,87.74,1,High
34.32,19.53,17.68,0,Low
67.75,41.71,70.98,0,Medium
51.28,19.95,16.25,0,Low
34.74,44.11,114.81,1,High
37.11,27.78,102.39,0,High
57.84,17.98,48.75,0,Medium
63.96,43.87,1.95,0,Medium
44.34,44.03,82.85,1,High
77.75,45.93,76.12,1,High
32.24,16.58,71.82,0,High
76.51,39.82,29.37,0,Medium
39.11,24.99,38.33,1,Medium
92.12,40.87,41.34,0,Medium
52.55,41.85,53.15,1,Medium
60.06,35.48,48.67,0,Medium
62.83,22.24,104.1,0,High
79.78,15.23,41.34,0,Medium
79.9,46.77,45.6,0,Medium
42.5,19.66,115.38,0,High
37.43,15.59,52.47,0,Medium
29.37,17.28,91.8,0,High
24.26,38.87,53.84,1,Medium
60.09,25.88,116.37,0,High
73.85,36.47,0.29,0,Medium
50.02,38.31,66.89,0,Medium
60.44,25.54,109.55,0,High
51.21,42.31,6.78,1,Medium
22.53,45.32,86.02,0,High
65.56,36.08,99.19,0,High
42.48,47.23,3.83,0,Low
34.44,19.66,43.85,0,Medium
86.89,30.31,116.76,0,High
39.68,31.14,3.57,1,Medium
29.46,33.08,83.52,1,High
74.73,44.36,35.91,0,Low
72.05,27.93,85.33,0,High
99.43,44.98,58.26,0,Medium
80.87,42.29,2.79,1,Medium
93.41,28.14,106.5,0,High
92.05,33.5,43.26,1,Medium
31.14,27.04,72.88,0,Medium
41.18,28.49,119.07,0,High
66.49,45.35,94.4,0,High
70.92,47.83,3.99,0,Low
93.34,30.78,94.53,1,High
48.69,34.67,81.07,0,High
45.74,36.91,81.22,0,High
85.48,37.71,3.66,0,Medium
48.85,18.87,24.88,1,Medium
41.3,42.06,63.2,0,Medium
63.32,19.34,26.71,1,Medium
56.93,27.79,66.8,0,Medium
61.62,30.85,86.0,0,High
36.12,29.82,97.34,0,High
49.18,31.42,56.94,0,Medium
32.42,33.73,74.23,0,Medium
96.8,43.78,41.85,0,Medium
40.58,35.14,33.82,0,Medium
78.74,28.85,70.48,1,High
59.68,35.63,37.88,1,Medium
95.52,22.52,81.1,1,High
39.07,29.9,44.13,1,Medium
48.01,32.23,116.68,0,High
56.92,18.55,27.62,0,Low
89.27,37.4,69.4,0,Medium
68.98,19.11,19.5,0,Low
74.17,15.82,19.22,0,Low
59.01,31.35,92.81,1,High
27.99,28.23,118.06,0,High
79.68,35.07,90.51,0,High
43.4,32.17,31.02,0,Low
65.23,23.09,35.23,0,Low
96.99,29.75,42.27,1,Medium
70.07,28.74,29.46,0,Low
50.46,19.45,13.1,1,Medium
98.51,47.76,94.1,1,High
46.23,26.01,82.48,1,High
99.78,40.58,93.8,0,High
83.41,34.71,109.12,1,High
48.85,37.55,94.53,0,High
59.49,15.96,30.36,0,Low
57.67,27.03,74.89,0,Medium
47.43,38.26,93.35,0,High
63.14,44.7,47.03,0,Medium
29.04,38.28,102.02,1,High
57.58,43.15,108.89,0,High
80.55,45.41,74.56,0,High
23.71,25.35,111.1,0,High
58.11,20.86,58.55,1,Medium
64.84,28.35,9.54,0,Low
76.27,17.72,19.19,0,Low
94.72,36.53,11.38,0,Medium
39.59,33.81,1.6,0,Low
94.24,26.3,77.09,1,High
40.32,33.85,20.61,0,Low
46.95,40.63,11.46,0,Medium
30.85,37.38,56.38,0,Medium
24.76,16.7,72.14,0,Low
69.03,36.67,99.39,0,High
66.28,25.3,6.46,1,Medium
36.02,35.8,69.25,0,Medium
75.87,15.75,93.2,0,High
78.15,37.64,37.27,0,Medium
68.46,17.31,33.52,0,Low
61.02,40.18,31.51,0,Medium
81.2,40.44,106.62,1,High
97.49,33.93,26.08,0,Low
46.84,20.68,55.74,0,Medium
94.24,30.78,61.76,0,Medium
39.18,15.43,75.54,0,Medium
36.89,39.46,80.34,0,High
82.74,37.04,79.77,0,Medium
57.11,38.42,73.26,0,Medium
76.15,36.32,41.07,0,Medium
96.95,43.39,67.33,0,Medium
62.22,47.2,6.61,1,Medium
36.26,34.94,93.77,1,High
75.09,42.52,59.56,1,Medium
56.36,40.47,66.67,1,High
61.42,20.86,67.57,0,Medium
43.9,38.46,33.91,0,Medium
39.79,26.48,113.06,1,High
73.39,32.58,16.5,1,Medium
66.94,47.12,105.27,1,High
32.58,47.2,28.27,1,Medium
64.49,22.45,80.44,1,Medium
26.59,27.04,117.0,0,High
45.72,38.74,115.94,0,High
71.07,39.7,30.26,0,Medium
96.51,44.85,47.6,0,Medium
67.23,17.71,19.29,1,Medium
98.16,22.0,82.9,0,High
36.54,34.12,75.06,0,Medium
77.84,17.42,70.94,0,Medium
84.59,20.8,111.96,0,High
44.41,19.54,109.96,0,Medium
60.88,17.83,68.85,0,Medium
85.27,23.66,64.98,0,Medium
59.5,45.27,42.58,0,Medium
76.6,17.92,118.33,0,High
61.91,34.73,33.0,0,Low
62.01,19.88,110.3,1,High
28.25,19.82,2.46,0,Low
61.72,37.26,81.0,1,High
70.03,36.56,66.8,1,High
26.05,35.87,14.45,0,Medium
77.45,16.72,66.61,1,High
29.6,17.43,85.57,1,High
85.98,41.72,102.5,0,High
81.87,19.52,86.93,1,High
70.98,31.28,58.17,1,Medium
78.17,32.85,63.52,1,High
51.36,21.03,113.25,0,High
98.51,27.09,113.16,0,High
38.75,16.71,52.53,1,Medium
67.63,38.91,20.15,0,Medium
79.45,40.9,84.09,1,High
95.94,36.82,94.68,0,High
45.73,36.28,2.92,0,Medium
68.84,24.75,86.89,1,High
28.07,43.5,59.74,0,High
36.02,30.1,101.97,0,High
73.87,43.28,98.37,0,Medium
94.49,28.06,43.32,0,Medium
86.78,17.51,88.89,0,High
93.9,43.74,33.47,0,Low
62.75,28.27,13.11,0,Low
52.32,28.4,68.8,1,High
43.19,19.65,0.66,0,Low
27.62,20.02,53.75,1,Medium
24.64,33.14,45.93,0,Medium
32.25,22.27,7.78,1,Medium
42.38,25.13,15.25,0,Low
83.18,35.22,97.59,0,High
83.88,15.06,58.54,1,Medium
87.7,15.26,87.62,0,High
49.7,34.99,96.56,1,High
68.57,46.02,35.81,0,Low
34.1,17.54,70.77,1,High
69.78,36.76,61.25,0,Medium
71.47,41.51,95.13,0,High
87.04,19.4,114.8,0,High
21.61,34.93,52.61,0,Medium
26.12,23.07,105.9,1,High
43.36,29.94,63.72,1,High
75.48,17.81,44.87,0,Medium
63.57,40.66,12.92,1,Medium
75.47,41.88,21.72,0,Medium
37.9,32.06,76.61,1,High
37.31,44.8,28.42,1,Low
35.33,35.07,2.12,1,Medium
52.29,16.6,72.91,0,Medium
37.95,43.66,82.83,1,High
81.42,25.26,45.79,0,Medium
97.35,20.76,3.2,1,Medium
90.74,42.05,109.45,0,High
50.87,16.53,109.14,0,High
61.21,41.21,26.94,0,Medium
87.96,15.29,20.45,0,Low
97.21,34.63,25.46,1,Medium
36.81,33.25,100.18,0,High
22.89,23.38,83.78,0,High
28.46,18.14,79.1,0,Medium
60.03,20.05,60.07,1,High
24.64,28.98,0.07,0,Low
93.99,16.45,98.49,0,High
36.19,26.8,99.41,0,High
48.28,22.84,14.72,0,Low
38.03,43.58,89.8,0,Medium
93.21,33.97,60.46,1,High
63.51,42.23,78.66,0,Medium
93.68,22.44,24.25,0,Low
67.93,38.38,65.69,0,Medium
88.72,18.55,76.08,0,Medium
46.15,25.08,67.71,0,Medium
91.3,21.75,64.09,0,Low
97.74,36.93,4.03,0,Medium
26.02,37.46,59.92,1,Medium
43.31,24.39,32.73,0,Low
92.25,22.57,94.36,0,High
22.84,42.03,28.93,0,High
20.36,47.81,97.72,0,High
58.13,39.57,16.12,0,Medium
56.77,29.87,17.17,0,Medium
20.81,27.32,74.45,1,High
77.82,18.1,118.13,0,High
28.86,38.41,100.85,1,High
42.48,15.39,118.33,0,High
96.72,42.46,97.71,0,High
43.34,26.44,44.34,1,Medium
55.74,25.21,19.84,0,Low
77.66,38.47,24.32,1,Medium
32.57,28.06,117.52,1,High
78.01,31.8,5.27,1,Medium
28.25,35.96,95.08,1,High
33.59,24.4,37.42,0,Low
30.34,45.55,19.43,0,Low
66.15,39.79,87.12,1,High
