region,rainfall_mm,temperature,soil_moisture
Delhi,17.56,33.16,59.02
Delhi,31.44,29.21,57.07
Delhi,32.91,25.64,22.55
Delhi,25.27,27.67,55.72
Delhi,7.79,22.7,47.32
Delhi,38.7,27.93,27.58
Delhi,19.03,32.72,53.31
Delhi,12.49,34.88,31.53
Delhi,5.59,22.12,46.59
Delhi,31.23,31.1,24.58
Delhi,18.84,34.24,42.14
Delhi,12.16,28.99,36.34
Delhi,9.36,26.5,46.48
Delhi,31.36,28.5,26.68
Delhi,163.51,29.39,40.04
Delhi,27.85,28.1,45.21
Delhi,3.51,37.39,47.99
Delhi,38.77,33.47,30.89
Delhi,36.1,25.24,43.17
Delhi,34.26,33.51,45.09
Delhi,25.99,28.65,39.76
Delhi,5.78,31.4,57.0
Delhi,13.87,22.36,39.29
Delhi,3.31,29.85,42.87
Delhi,10.68,30.33,20.86
Delhi,35.85,30.86,46.89
Delhi,26.38,34.3,56.64
Delhi,1.5,27.93,52.33
Delhi,38.12,30.24,57.44
Delhi,1.8,37.88,49.94
Delhi,35.74,27.05,46.47
Delhi,3.78,26.2,29.64
Delhi,33.24,24.87,54.98
Delhi,12.41,37.55,25.76
Delhi,184.45,32.84,40.25
Delhi,23.24,34.87,49.56
Delhi,4.95,28.36,39.54
Delhi,38.22,36.8,98.17
Delhi,5.61,37.46,57.32
Delhi,18.7,22.29,53.18
Delhi,9.31,31.7,44.12
Delhi,14.97,32.43,38.16
Delhi,9.47,35.07,22.66
Delhi,5.85,26.97,56.84
Delhi,11.39,23.85,0.87
Delhi,23.65,28.3,40.18
Delhi,34.05,24.9,29.98
Delhi,16.65,27.98,24.07
Delhi,2.08,23.59,56.11
Delhi,32.08,32.28,25.38
Delhi,20.57,29.4,45.58
Delhi,5.59,28.67,34.7
Delhi,13.1,32.97,57.95
Delhi,19.24,30.57,46.1
Delhi,21.31,26.61,28.1
Delhi,34.43,31.83,49.03
Delhi,37.44,37.34,43.75
Delhi,31.8,26.05,23.8
Delhi,6.85,31.16,40.91
Delhi,31.97,31.59,24.79
Delhi,3.51,28.7,46.85
Delhi,35.93,26.33,32.58
Delhi,5.91,29.01,49.19
Delhi,37.45,29.67,59.47
Delhi,38.05,35.61,24.88
Delhi,27.44,46.36,31.81
Delhi,17.69,36.7,24.42
Delhi,35.17,35.39,59.96
Delhi,26.01,36.35,0.72
Delhi,7.93,32.5,20.22
Delhi,24.24,25.82,22.29
Delhi,37.11,33.17,21.61
Delhi,5.0,33.92,54.05
Delhi,29.38,26.33,59.21
Delhi,2.18,22.68,48.38
Delhi,3.67,37.68,51.36
Delhi,22.9,37.14,43.12
Delhi,25.97,24.38,36.16
Delhi,4.77,26.45,37.12
Delhi,25.39,28.54,43.53
Delhi,1.44,29.59,42.9
Delhi,28.08,32.44,51.5
Delhi,17.26,27.77,49.47
Delhi,36.84,30.32,32.58
Delhi,19.77,23.15,22.22
Delhi,13.37,27.02,20.59
Delhi,34.26,24.46,24.79
Delhi,38.34,34.35,47.51
Delhi,15.51,22.17,41.0
Delhi,6.64,37.83,53.56
Delhi,5.66,28.28,50.21
Delhi,18.77,24.89,21.79
Delhi,11.68,31.38,23.36
Delhi,33.74,32.39,50.52
Delhi,14.66,27.42,39.3
Delhi,34.08,36.55,54.01
Delhi,19.95,23.68,56.69
Delhi,7.1,25.07,97.24
Delhi,23.94,45.83,45.35
Delhi,24.81,34.18,48.83
Delhi,31.28,23.83,37.6
Delhi,26.16,37.75,49.35
Delhi,13.86,22.66,39.59
Delhi,18.6,28.59,23.39
Delhi,32.08,35.16,34.91
Delhi,166.39,33.41,54.62
Delhi,32.03,25.75,54.33
Delhi,227.19,22.47,55.83
Delhi,9.51,27.57,31.96
Delhi,15.88,36.18,23.39
Delhi,28.71,37.98,36.32
Delhi,22.99,33.21,35.69
Delhi,19.88,27.85,28.08
Delhi,217.99,27.49,58.37
Delhi,21.63,36.35,33.01
Delhi,21.18,31.45,31.98
Delhi,12.9,35.99,42.46
Delhi,31.35,29.62,46.98
Delhi,36.1,24.96,24.08
Delhi,38.21,28.93,58.39
Delhi,1.64,23.05,40.64
Delhi,2.04,28.15,47.93
Delhi,12.08,28.67,4.31
Delhi,226.23,27.33,51.22
Delhi,10.41,25.88,47.33
Delhi,13.23,22.78,48.46
Delhi,1.89,36.7,0.16
Delhi,24.81,31.11,53.98
Delhi,278.01,24.6,54.22
Delhi,36.75,31.65,34.46
Delhi,12.74,31.61,36.56
Delhi,3.12,46.04,3.63
Delhi,29.54,36.24,25.04
Delhi,27.72,30.12,20.16
Delhi,298.96,24.03,55.22
Delhi,24.87,22.81,31.79
Delhi,33.45,46.79,54.96
Delhi,24.43,28.34,49.03
Delhi,30.34,28.71,20.5
Delhi,20.81,23.51,35.8
Delhi,5.97,24.86,54.36
Delhi,8.49,33.74,35.16
Delhi,29.67,34.53,24.18
Delhi,34.62,23.6,49.74
Delhi,296.88,33.51,35.79
Delhi,24.35,28.55,57.42
Delhi,7.87,28.31,26.51
Delhi,13.58,25.9,50.14
Delhi,11.12,24.97,38.74
Delhi,1.81,37.35,39.82
Delhi,10.1,34.24,56.07
Delhi,39.29,23.15,32.18
Delhi,3.88,31.87,26.61
Delhi,6.41,31.35,31.84
Delhi,16.19,34.36,57.66
Delhi,35.84,26.23,27.18
Delhi,17.99,33.36,54.98
Delhi,21.23,25.92,57.6
Delhi,31.09,29.85,41.46
Delhi,5.27,37.24,58.13
Delhi,22.18,26.05,24.76
Delhi,12.86,29.44,41.28
Delhi,39.54,33.87,26.12
Delhi,13.66,27.48,44.91
Delhi,31.75,36.78,45.56
Delhi,299.01,22.99,25.16
Delhi,25.29,36.75,49.05
Delhi,26.4,29.56,33.71
Delhi,27.12,22.64,55.7
Delhi,39.67,32.56,57.9
Delhi,29.54,30.99,40.36
Delhi,16.77,27.48,37.6
Delhi,3.67,32.49,20.79
Delhi,7.91,35.77,46.71
Delhi,11.01,26.54,56.41
Delhi,21.68,37.25,30.2
Delhi,12.82,28.39,20.93
Delhi,35.0,29.1,54.16
Delhi,21.78,32.12,29.77
Delhi,36.95,37.65,50.59
Mumbai,19.22,25.84,31.57
Mumbai,23.44,25.5,54.42
Mumbai,0.3,34.76,25.53
Mumbai,4.63,37.98,26.16
Mumbai,24.79,37.69,25.52
Mumbai,10.83,32.62,53.3
Mumbai,16.94,30.01,46.11
Mumbai,39.98,23.52,59.07
Mumbai,18.45,22.82,34.13
Mumbai,33.28,28.67,49.95
Mumbai,19.65,24.3,23.84
Mumbai,21.35,22.84,3.87
Mumbai,247.84,24.69,54.43
Mumbai,21.56,23.48,49.51
Mumbai,30.09,34.0,34.72
Mumbai,8.34,23.9,27.05
Mumbai,32.92,37.85,46.14
Mumbai,15.72,37.61,27.69
Mumbai,26.24,33.76,42.04
Mumbai,28.42,45.15,39.45
Mumbai,16.75,35.23,35.41
Mumbai,20.88,31.03,22.64
Mumbai,181.84,32.34,55.61
Mumbai,19.04,22.95,43.43
Mumbai,27.18,23.59,36.91
Mumbai,5.39,27.13,22.21
Mumbai,10.59,25.29,57.19
Mumbai,4.3,31.91,54.1
Mumbai,32.79,37.95,36.05
Mumbai,37.95,34.9,59.15
Mumbai,19.75,28.09,43.39
Mumbai,12.84,23.65,43.57
Mumbai,16.35,32.13,57.31
Mumbai,13.17,31.09,46.35
Mumbai,12.83,28.06,26.64
Mumbai,15.56,31.0,30.3
Mumbai,37.1,32.7,57.82
Mumbai,36.96,22.07,47.22
Mumbai,1.06,35.63,38.63
Mumbai,268.0,36.06,42.6
Mumbai,6.42,29.95,58.62
Mumbai,34.23,31.51,34.98
Mumbai,32.44,31.03,44.29
Mumbai,14.8,23.89,53.51
Mumbai,12.15,22.38,38.55
Mumbai,6.54,28.03,21.6
Mumbai,20.89,24.23,33.77
Mumbai,37.89,34.94,23.23
Mumbai,34.86,28.86,21.44
Mumbai,39.74,22.65,32.07
Mumbai,1.8,35.4,22.39
Mumbai,6.23,36.65,35.89
Mumbai,2.52,26.97,31.44
Mumbai,3.77,33.33,59.04
Mumbai,37.74,34.73,41.74
Mumbai,38.87,29.73,35.45
Mumbai,15.66,23.24,37.84
Mumbai,24.49,24.52,59.03
Mumbai,20.63,37.64,21.96
Mumbai,2.53,31.1,41.49
Mumbai,8.07,31.88,57.95
Mumbai,3.62,29.01,35.13
Mumbai,21.62,27.13,46.91
Mumbai,9.15,24.7,27.52
Mumbai,19.91,30.13,59.79
Mumbai,19.12,23.07,29.12
Mumbai,2.03,29.5,39.02
Mumbai,32.89,34.51,45.52
Mumbai,25.24,32.6,58.42
Mumbai,17.0,30.09,38.39
Mumbai,29.81,25.18,49.89
Mumbai,10.9,37.3,27.91
Mumbai,21.18,34.17,27.01
Mumbai,19.14,26.37,25.09
Mumbai,28.2,29.7,49.92
Mumbai,17.93,25.85,27.05
Mumbai,15.68,34.03,30.91
Mumbai,17.55,27.91,50.53
Mumbai,19.92,35.87,44.54
Mumbai,36.34,29.37,20.63
Mumbai,19.77,31.09,53.46
Mumbai,9.01,35.57,54.92
Mumbai,12.57,26.29,57.55
Mumbai,22.28,24.72,22.32
Mumbai,16.12,32.9,27.02
Mumbai,10.59,24.24,52.58
Mumbai,11.05,26.23,37.3
Mumbai,31.03,28.05,28.52
Mumbai,235.68,22.62,40.76
Mumbai,3.56,33.95,27.55
Mumbai,16.4,35.79,47.62
Mumbai,16.47,36.77,49.19
Mumbai,3.91,25.21,38.55
Mumbai,31.84,34.84,30.97
Mumbai,5.4,28.43,53.87
Mumbai,1.4,32.23,28.44
Mumbai,34.04,25.64,54.7
Mumbai,24.76,24.05,57.54
Mumbai,17.65,30.44,52.82
Mumbai,11.51,25.81,40.21
Mumbai,15.8,36.61,49.46
Mumbai,20.92,34.72,48.87
Mumbai,39.37,32.21,59.47
Mumbai,16.49,26.54,35.31
Mumbai,35.34,34.32,44.25
Mumbai,33.18,45.66,42.54
Mumbai,2.21,35.84,35.86
Mumbai,2.04,26.12,49.84
Mumbai,8.64,34.47,29.23
Mumbai,293.78,32.17,41.26
Mumbai,17.98,25.22,52.47
Mumbai,23.14,37.56,56.88
Mumbai,6.77,23.44,22.85
Mumbai,2.96,35.24,50.98
Mumbai,35.29,30.35,37.9
Mumbai,18.71,34.75,26.14
Mumbai,33.68,32.98,23.11
Mumbai,12.31,33.02,31.8
Mumbai,11.59,31.95,44.94
Mumbai,27.74,32.92,37.87
Mumbai,3.47,29.06,29.48
Mumbai,21.83,29.56,44.79
Mumbai,19.67,31.63,22.87
Mumbai,19.26,29.9,58.49
Mumbai,7.24,23.52,3.85
Mumbai,1.29,24.47,26.69
Mumbai,13.05,28.6,29.23
Mumbai,20.01,35.6,28.96
Mumbai,10.02,31.32,59.61
Mumbai,25.56,36.93,41.14
Mumbai,12.13,37.77,56.24
Mumbai,10.77,30.76,40.22
Mumbai,16.33,27.34,25.09
Mumbai,34.02,25.65,42.16
Mumbai,197.45,32.49,22.6
Mumbai,23.27,47.55,44.26
Mumbai,17.71,34.84,20.44
Mumbai,36.16,24.4,46.4
Mumbai,23.98,29.91,39.09
Mumbai,8.98,27.64,20.74
Mumbai,25.76,34.43,48.47
Mumbai,19.0,25.93,28.94
Mumbai,16.56,35.19,28.05
Mumbai,0.71,37.23,99.85
Mumbai,38.83,23.25,44.55
Mumbai,16.69,24.46,23.0
Mumbai,33.96,30.16,58.78
Mumbai,14.76,25.51,57.7
Mumbai,8.61,28.05,29.67
Mumbai,37.07,33.09,26.02
Mumbai,26.97,23.14,50.15
Mumbai,13.4,30.32,37.86
Mumbai,26.03,36.16,25.67
Mumbai,27.5,26.59,37.64
Mumbai,20.88,22.51,34.95
Mumbai,4.35,45.74,35.76
Mumbai,15.11,31.5,96.72
Mumbai,4.01,37.08,98.82
Mumbai,31.5,36.87,21.69
Mumbai,21.88,27.38,20.65
Mumbai,33.71,29.68,39.0
Mumbai,2.07,26.25,23.63
Mumbai,37.2,37.54,40.18
Mumbai,17.93,35.69,41.23
Mumbai,7.46,22.5,28.01
Mumbai,7.25,26.22,33.95
Mumbai,18.66,35.64,28.55
Mumbai,13.71,29.91,29.54
Mumbai,5.23,36.99,48.41
Mumbai,39.71,24.61,41.33
Mumbai,24.52,47.78,21.58
Mumbai,9.61,22.52,27.72
Mumbai,15.41,27.25,21.01
Mumbai,30.27,36.86,41.27
Mumbai,30.96,35.51,37.37
Mumbai,32.26,36.87,59.77
Mumbai,3.73,22.55,51.97
Mumbai,34.27,26.41,21.7
Mumbai,10.61,28.8,30.81
Mumbai,17.04,30.04,30.29
Chennai,6.07,31.05,52.96
Chennai,38.79,37.48,25.68
Chennai,6.8,31.35,57.18
Chennai,22.55,22.94,52.64
Chennai,20.49,32.61,57.48
Chennai,7.44,31.4,37.71
Chennai,4.17,29.29,39.3
Chennai,3.51,36.87,32.59
Chennai,18.1,25.04,30.13
Chennai,2.69,32.46,46.22
Chennai,37.99,36.02,32.81
Chennai,21.49,22.97,30.18
Chennai,7.88,32.03,33.82
Chennai,30.87,31.4,40.88
Chennai,31.75,28.87,59.47
Chennai,3.71,24.03,40.31
Chennai,34.77,31.8,53.7
Chennai,1.46,25.46,45.94
Chennai,7.52,33.26,23.74
Chennai,30.57,26.68,48.33
Chennai,12.31,22.63,21.73
Chennai,259.42,34.1,39.44
Chennai,12.99,28.9,55.92
Chennai,3.15,24.89,31.5
Chennai,30.56,36.71,22.68
Chennai,3.21,37.78,27.92
Chennai,19.92,28.03,25.54
Chennai,27.59,27.91,22.77
Chennai,2.77,26.61,22.66
Chennai,33.42,22.38,54.15
Chennai,21.93,34.73,40.03
Chennai,6.01,22.83,55.45
Chennai,27.41,28.7,40.86
Chennai,13.08,26.01,26.0
Chennai,24.08,33.1,29.5
Chennai,0.34,34.2,21.8
Chennai,2.87,34.1,20.44
Chennai,39.65,25.03,42.21
Chennai,31.69,36.28,29.89
Chennai,11.9,36.91,58.98
Chennai,21.5,23.72,41.11
Chennai,37.26,25.17,23.88
Chennai,29.03,33.07,50.29
Chennai,28.73,27.16,58.28
Chennai,26.57,34.1,26.42
Chennai,21.58,31.15,36.17
Chennai,23.41,33.52,51.61
Chennai,21.5,23.62,41.1
Chennai,27.16,31.48,49.36
Chennai,23.74,27.42,54.56
Chennai,20.79,22.81,27.72
Chennai,37.77,25.76,33.53
Chennai,15.33,34.84,44.35
Chennai,16.09,36.77,40.89
Chennai,8.47,29.98,47.32
Chennai,33.17,22.85,57.48
Chennai,25.69,28.72,23.87
Chennai,33.47,25.63,28.61
Chennai,22.53,32.02,26.04
Chennai,36.1,32.1,45.57
Chennai,0.66,31.37,35.09
Chennai,226.46,28.99,29.99
Chennai,15.01,24.77,31.76
Chennai,19.97,37.2,47.71
Chennai,189.36,22.5,47.13
Chennai,20.66,28.34,24.0
Chennai,39.82,46.67,53.07
Chennai,24.8,35.74,57.05
Chennai,275.43,25.11,1.67
Chennai,18.04,34.28,46.1
Chennai,11.82,23.42,57.7
Chennai,16.45,29.31,21.26
Chennai,24.57,32.66,55.47
Chennai,19.71,26.34,27.9
Chennai,32.92,36.04,29.13
Chennai,22.85,30.97,31.54
Chennai,3.3,36.2,40.84
Chennai,18.58,35.17,48.66
Chennai,22.99,26.66,49.18
Chennai,26.58,37.89,52.56
Chennai,18.11,28.31,24.24
Chennai,33.63,28.31,39.66
Chennai,35.81,31.2,44.57
Chennai,15.95,31.31,38.89
Chennai,29.83,34.81,26.14
Chennai,11.41,25.82,30.2
Chennai,37.95,36.01,54.99
Chennai,32.79,28.29,47.55
Chennai,15.51,33.35,55.7
Chennai,6.82,37.55,29.99
Chennai,34.42,30.05,20.49
Chennai,20.49,27.68,26.72
Chennai,31.39,28.3,20.11
Chennai,22.2,26.35,27.26
Chennai,28.27,23.49,27.0
Chennai,14.42,25.3,39.88
Chennai,183.79,35.4,55.28
Chennai,34.79,32.79,46.11
Chennai,4.02,23.16,37.81
Chennai,33.64,24.59,55.5
Chennai,263.11,32.38,30.39
Chennai,4.68,32.2,28.67
Chennai,27.47,36.96,53.43
Chennai,29.59,35.55,45.07
Chennai,27.18,37.97,22.45
Chennai,4.76,27.26,27.35
Chennai,1.8,33.1,21.13
Chennai,11.3,28.95,31.51
Chennai,2.16,37.69,38.61
Chennai,32.5,25.55,38.51
Chennai,27.35,32.4,34.87
Chennai,268.04,29.01,28.38
Chennai,9.3,34.28,35.21
Chennai,32.6,34.13,46.43
Chennai,29.91,28.63,32.71
Chennai,16.59,28.57,57.23
Chennai,243.22,22.32,24.74
Chennai,10.98,30.46,0.47
Chennai,13.16,25.55,95.54
Chennai,5.86,31.88,59.47
Chennai,38.98,31.97,35.36
Chennai,5.97,28.07,58.72
Chennai,36.91,33.27,41.34
Chennai,18.25,25.91,21.38
Chennai,39.98,45.48,22.4
Chennai,27.36,27.84,43.77
Chennai,22.53,32.67,32.86
Chennai,9.79,47.96,52.6
Chennai,11.34,27.19,58.31
Chennai,6.14,24.37,40.72
Chennai,6.28,45.74,51.89
Chennai,4.03,26.11,32.82
Chennai,22.95,29.51,25.13
Chennai,20.23,32.46,48.65
Chennai,24.54,23.59,22.65
Chennai,2.43,24.57,51.63
Chennai,12.38,31.01,46.2
Chennai,39.17,35.27,29.79
Chennai,3.38,31.44,23.18
Chennai,11.72,34.19,31.14
Chennai,37.93,27.22,35.73
Chennai,18.97,27.03,30.68
Chennai,24.1,34.64,30.16
Chennai,39.41,31.88,3.18
Chennai,36.97,29.16,59.02
Chennai,25.7,25.98,23.9
Chennai,31.31,29.93,26.07
Chennai,10.8,29.07,55.31
Chennai,17.84,24.91,37.94
Chennai,294.6,33.58,56.27
Chennai,24.44,26.28,24.56
Chennai,31.24,27.06,38.14
Chennai,36.76,36.66,58.58
Chennai,1.9,28.24,26.8
Chennai,7.82,34.17,47.04
Chennai,25.86,37.0,30.21
Chennai,26.26,32.12,46.93
Chennai,10.91,27.32,38.17
Chennai,7.72,24.06,57.76
Chennai,36.04,22.69,50.44
Chennai,2.27,28.02,26.92
Chennai,2.55,32.23,48.47
Chennai,7.35,46.8,24.95
Chennai,13.27,22.91,32.48
Chennai,38.57,33.44,47.63
Chennai,7.54,31.67,46.88
Chennai,39.38,22.64,34.59
Chennai,226.09,26.12,26.95
Chennai,3.22,35.83,31.53
Chennai,1.07,33.2,35.52
Chennai,3.76,36.91,56.91
Chennai,25.98,28.67,0.55
Chennai,14.07,34.65,25.86
Chennai,14.19,45.84,30.97
Chennai,30.4,24.22,47.09
Chennai,25.92,29.03,40.73
Chennai,6.57,37.27,34.21
Chennai,35.93,36.71,24.59
Chennai,13.82,36.07,58.85
Chennai,10.84,22.6,24.06
Bengaluru,22.61,23.27,22.87
Bengaluru,13.55,25.02,58.06
Bengaluru,38.39,32.27,48.16
Bengaluru,19.34,27.18,46.59
Bengaluru,191.35,25.05,45.14
Bengaluru,3.61,27.64,43.16
Bengaluru,19.48,34.1,39.17
Bengaluru,291.38,26.1,48.75
Bengaluru,159.28,46.8,57.34
Bengaluru,21.84,26.67,49.5
Bengaluru,3.42,22.2,48.31
Bengaluru,24.17,28.5,40.26
Bengaluru,37.77,22.42,34.67
Bengaluru,20.99,26.68,33.61
Bengaluru,6.3,30.05,51.82
Bengaluru,30.95,22.53,21.55
Bengaluru,19.82,30.97,47.12
Bengaluru,12.72,31.36,32.59
Bengaluru,27.76,24.16,55.71
Bengaluru,278.27,30.12,20.41
Bengaluru,18.2,26.59,56.9
Bengaluru,8.11,30.78,37.57
Bengaluru,5.53,37.59,99.63
Bengaluru,4.41,32.37,53.38
Bengaluru,36.29,35.0,30.07
Bengaluru,4.03,24.14,22.18
Bengaluru,9.28,34.59,54.01
Bengaluru,13.69,28.44,41.15
Bengaluru,35.14,35.15,42.3
Bengaluru,9.92,30.99,32.89
Bengaluru,239.44,25.01,34.57
Bengaluru,13.47,34.1,52.87
Bengaluru,22.37,45.11,51.29
Bengaluru,36.09,47.38,51.58
Bengaluru,193.23,34.69,32.05
Bengaluru,38.67,29.15,36.38
Bengaluru,17.29,36.54,42.57
Bengaluru,28.21,31.01,49.99
Bengaluru,29.85,29.97,20.1
Bengaluru,24.4,35.06,50.33
Bengaluru,34.17,31.13,98.59
Bengaluru,19.86,32.9,58.36
Bengaluru,39.52,36.7,44.38
Bengaluru,21.73,30.33,24.39
Bengaluru,20.24,23.74,53.5
Bengaluru,1.95,46.42,48.21
Bengaluru,9.13,24.47,55.55
Bengaluru,35.44,27.28,39.2
Bengaluru,4.58,35.82,33.76
Bengaluru,11.7,29.97,44.91
Bengaluru,28.44,36.47,58.93
Bengaluru,34.43,35.4,50.48
Bengaluru,12.28,27.16,52.8
Bengaluru,29.81,34.25,36.07
Bengaluru,36.61,28.25,51.17
Bengaluru,32.16,34.9,21.78
Bengaluru,34.78,37.22,31.47
Bengaluru,20.05,36.97,1.23
Bengaluru,9.03,27.24,55.61
Bengaluru,27.78,24.56,58.57
Bengaluru,11.1,35.37,42.43
Bengaluru,26.9,25.04,58.61
Bengaluru,16.63,22.99,28.67
Bengaluru,21.38,22.48,27.06
Bengaluru,30.24,28.23,54.37
Bengaluru,8.41,25.25,23.32
Bengaluru,16.68,22.92,56.33
Bengaluru,27.18,28.72,25.14
Bengaluru,23.03,31.77,33.83
Bengaluru,35.13,31.14,22.13
Bengaluru,6.84,29.79,23.78
Bengaluru,38.09,28.1,44.01
Bengaluru,21.7,28.78,21.9
Bengaluru,214.5,25.91,47.37
Bengaluru,6.12,32.72,49.37
Bengaluru,30.33,34.07,53.29
Bengaluru,32.07,29.6,40.6
Bengaluru,17.25,34.79,29.96
Bengaluru,30.28,36.51,43.17
Bengaluru,39.0,33.6,37.65
Bengaluru,7.56,30.17,48.68
Bengaluru,35.06,25.2,40.46
Bengaluru,30.05,27.5,31.13
Bengaluru,6.6,27.23,29.95
Bengaluru,31.6,27.39,45.23
Bengaluru,38.45,35.09,39.65
Bengaluru,3.13,37.39,53.44
Bengaluru,9.05,36.85,25.12
Bengaluru,27.93,27.2,2.81
Bengaluru,25.96,28.64,20.62
Bengaluru,12.5,22.32,46.64
Bengaluru,37.43,31.08,42.56
Bengaluru,17.24,28.85,47.43
Bengaluru,30.74,30.61,48.92
Bengaluru,10.83,36.97,39.04
Bengaluru,16.55,26.64,47.42
Bengaluru,269.25,32.92,46.11
Bengaluru,38.36,33.72,29.45
Bengaluru,16.96,27.87,44.15
Bengaluru,32.17,33.3,38.8
Bengaluru,251.39,37.19,42.55
Bengaluru,24.8,27.93,24.46
Bengaluru,39.96,22.03,20.8
Bengaluru,28.7,33.41,58.98
Bengaluru,298.03,36.86,25.7
Bengaluru,20.63,36.79,32.44
Bengaluru,5.34,24.29,48.19
Bengaluru,14.97,35.01,41.88
Bengaluru,20.45,35.85,35.84
Bengaluru,20.75,32.57,28.71
Bengaluru,13.84,25.32,41.46
Bengaluru,5.55,30.5,40.41
Bengaluru,224.56,27.48,39.91
Bengaluru,2.92,25.05,27.11
Bengaluru,8.39,36.01,37.02
Bengaluru,37.77,23.1,59.56
Bengaluru,4.24,27.05,47.79
Bengaluru,13.79,29.97,37.28
Bengaluru,38.15,30.35,23.05
Bengaluru,2.19,29.9,23.49
Bengaluru,23.25,27.95,28.81
Bengaluru,39.62,37.67,23.23
Bengaluru,9.51,45.29,33.59
Bengaluru,28.64,35.63,41.54
Bengaluru,19.81,24.59,30.55
Bengaluru,37.19,31.04,30.02
Bengaluru,3.51,25.55,32.6
Bengaluru,31.86,32.43,39.2
Bengaluru,20.44,32.25,24.96
Bengaluru,12.53,28.06,37.7
Bengaluru,5.41,29.69,29.66
Bengaluru,14.67,37.19,41.89
Bengaluru,33.13,26.69,35.8
Bengaluru,38.67,24.58,24.75
Bengaluru,11.25,36.56,35.71
Bengaluru,16.79,22.47,45.97
Bengaluru,6.25,27.91,49.17
Bengaluru,21.61,30.63,22.93
Bengaluru,4.04,35.37,28.77
Bengaluru,23.64,32.99,31.8
Bengaluru,22.39,36.52,48.48
Bengaluru,36.61,27.15,50.83
Bengaluru,30.71,31.43,32.72
Bengaluru,38.04,36.19,59.86
Bengaluru,20.75,34.77,49.25
Bengaluru,17.1,30.15,99.28
Bengaluru,31.83,30.46,35.32
Bengaluru,10.21,33.05,36.63
Bengaluru,21.51,29.58,20.25
Bengaluru,2.84,25.32,31.21
Bengaluru,15.85,25.98,2.68
Bengaluru,38.48,37.93,51.56
Bengaluru,24.47,32.46,49.03
Bengaluru,27.98,36.7,24.17
Bengaluru,2.78,23.29,42.09
Bengaluru,11.19,23.88,27.0
Bengaluru,8.2,23.69,49.85
Bengaluru,7.6,29.18,47.97
Bengaluru,17.97,31.08,47.16
Bengaluru,39.04,24.91,0.76
Bengaluru,34.91,24.82,30.23
Bengaluru,1.31,34.37,26.87
Bengaluru,34.73,32.48,53.12
Bengaluru,20.35,26.21,20.83
Bengaluru,32.01,24.4,41.23
Bengaluru,2.83,29.44,31.16
Bengaluru,35.51,35.07,40.47
Bengaluru,32.62,34.11,39.14
Bengaluru,34.5,22.67,54.27
Bengaluru,28.0,46.07,25.19
Bengaluru,6.25,25.46,44.19
Bengaluru,2.61,31.44,36.12
Bengaluru,23.57,33.01,48.55
Bengaluru,14.01,45.38,33.77
Bengaluru,25.1,34.77,52.79
Bengaluru,242.95,34.61,35.88
Bengaluru,22.03,22.94,42.04
Bengaluru,29.66,36.73,57.59
Bengaluru,18.96,23.12,2.56
Bengaluru,5.1,31.1,49.21
Kolkata,30.64,30.31,27.32
Kolkata,26.24,36.28,58.09
Kolkata,19.45,25.88,46.38
Kolkata,29.79,29.61,25.86
Kolkata,11.36,30.19,43.62
Kolkata,28.94,36.34,96.6
Kolkata,18.86,36.64,26.17
Kolkata,23.28,34.16,46.14
Kolkata,17.56,34.1,51.13
Kolkata,29.86,45.82,43.82
Kolkata,15.02,24.61,22.09
Kolkata,6.03,34.4,20.56
Kolkata,226.6,24.88,29.14
Kolkata,15.17,24.21,21.19
Kolkata,36.08,27.95,42.69
Kolkata,9.45,26.83,32.59
Kolkata,36.48,29.33,39.57
Kolkata,0.81,37.58,46.42
Kolkata,13.37,31.35,52.98
Kolkata,16.59,37.51,26.05
Kolkata,26.34,25.77,31.14
Kolkata,1.62,32.47,29.51
Kolkata,38.81,32.17,29.66
Kolkata,11.21,23.79,41.34
Kolkata,34.02,23.72,34.3
Kolkata,19.76,34.33,3.09
Kolkata,5.23,28.59,50.25
Kolkata,23.56,36.04,24.57
Kolkata,17.25,34.21,23.39
Kolkata,30.94,33.73,48.97
Kolkata,9.37,34.33,46.16
Kolkata,20.13,32.66,25.66
Kolkata,1.95,47.97,34.22
Kolkata,39.2,33.61,22.82
Kolkata,0.07,26.01,50.79
Kolkata,0.98,37.84,30.97
Kolkata,6.42,34.08,42.15
Kolkata,12.14,24.6,53.95
Kolkata,32.85,29.83,47.12
Kolkata,33.99,32.75,40.23
Kolkata,25.75,25.77,49.19
Kolkata,8.45,28.95,33.26
Kolkata,24.92,37.79,48.0
Kolkata,34.29,23.7,54.57
Kolkata,27.01,27.17,25.44
Kolkata,17.86,25.45,45.54
Kolkata,4.37,35.59,27.81
Kolkata,10.92,27.22,45.94
Kolkata,13.61,24.81,28.03
Kolkata,221.07,26.37,56.74
Kolkata,12.4,35.51,25.05
Kolkata,16.67,36.11,42.97
Kolkata,27.45,29.28,43.17
Kolkata,32.44,36.0,26.3
Kolkata,1.4,32.56,24.45
Kolkata,3.1,37.11,50.4
Kolkata,39.88,26.57,54.26
Kolkata,18.86,33.63,36.0
Kolkata,16.01,30.4,59.1
Kolkata,13.69,24.14,23.46
Kolkata,6.69,34.7,44.48
Kolkata,22.68,27.52,40.26
Kolkata,17.87,26.28,22.81
Kolkata,32.17,31.68,32.66
Kolkata,13.73,36.55,47.27
Kolkata,169.68,25.35,51.17
Kolkata,2.86,29.09,54.76
Kolkata,7.87,27.83,56.96
Kolkata,16.6,23.04,40.07
Kolkata,36.88,29.01,46.35
Kolkata,8.57,32.31,20.18
Kolkata,0.24,28.89,31.03
Kolkata,12.34,36.66,58.68
Kolkata,12.76,24.19,39.64
Kolkata,191.13,27.05,27.5
Kolkata,33.71,28.99,21.84
Kolkata,32.59,28.54,37.45
Kolkata,20.7,30.12,37.12
Kolkata,185.46,30.65,48.58
Kolkata,26.6,28.58,27.16
Kolkata,31.47,31.5,47.29
Kolkata,13.29,23.18,0.78
Kolkata,17.0,28.87,32.06
Kolkata,26.24,34.41,49.25
Kolkata,5.01,37.19,45.21
Kolkata,191.81,36.18,51.01
Kolkata,4.61,25.81,45.41
Kolkata,9.78,31.35,42.18
Kolkata,27.22,27.82,43.87
Kolkata,13.61,35.53,47.8
Kolkata,39.99,26.49,30.75
Kolkata,19.24,30.1,51.7
Kolkata,11.54,36.05,42.89
Kolkata,4.87,25.47,38.62
Kolkata,37.65,35.04,46.72
Kolkata,16.32,24.58,55.19
Kolkata,13.65,29.76,31.47
Kolkata,25.19,26.01,26.15
Kolkata,28.97,25.01,22.13
Kolkata,39.35,34.81,51.32
Kolkata,27.65,33.87,59.23
Kolkata,9.47,25.89,48.59
Kolkata,6.36,25.9,20.37
Kolkata,12.73,31.94,22.83
Kolkata,34.91,28.59,28.33
Kolkata,36.56,25.58,26.42
Kolkata,13.31,25.03,24.12
Kolkata,278.24,27.69,28.94
Kolkata,18.85,31.84,46.52
Kolkata,6.67,29.03,46.03
Kolkata,16.11,30.51,49.05
Kolkata,11.65,29.79,37.5
Kolkata,33.6,32.07,44.37
Kolkata,12.88,22.41,95.23
Kolkata,24.6,36.33,55.38
Kolkata,9.63,27.06,29.83
Kolkata,9.19,24.55,29.02
Kolkata,22.34,35.07,41.97
Kolkata,24.11,24.7,32.08
Kolkata,36.88,31.98,31.05
Kolkata,11.77,29.24,59.37
Kolkata,19.52,27.6,26.98
Kolkata,16.67,36.93,51.36
Kolkata,37.49,28.6,33.75
Kolkata,39.79,33.03,53.12
Kolkata,22.53,22.36,53.02
Kolkata,6.59,30.16,26.87
Kolkata,30.13,23.87,44.06
Kolkata,2.15,31.96,37.27
Kolkata,22.1,29.03,56.67
Kolkata,11.99,25.51,54.98
Kolkata,2.22,25.64,44.86
Kolkata,12.76,27.3,55.84
Kolkata,35.77,32.53,38.96
Kolkata,2.51,45.97,38.21
Kolkata,39.65,24.01,45.95
Kolkata,14.65,23.99,48.66
Kolkata,33.49,24.79,27.68
Kolkata,225.63,32.53,20.13
Kolkata,2.17,22.36,55.8
Kolkata,24.34,23.96,55.21
Kolkata,17.72,34.05,30.29
Kolkata,6.81,24.72,4.65
Kolkata,2.93,25.92,56.44
Kolkata,17.95,22.61,24.91
Kolkata,22.43,23.65,37.69
Kolkata,0.18,25.77,56.62
Kolkata,16.2,32.03,24.31
Kolkata,22.59,26.69,30.45
Kolkata,26.12,25.22,52.87
Kolkata,2.49,34.86,55.03
Kolkata,16.92,25.1,43.4
Kolkata,35.43,22.8,54.79
Kolkata,19.62,36.0,54.39
Kolkata,30.26,33.51,49.26
Kolkata,12.11,28.05,24.49
Kolkata,22.19,31.74,37.93
Kolkata,26.73,31.34,29.66
Kolkata,3.7,31.81,33.42
Kolkata,244.83,26.71,31.27
Kolkata,10.04,32.21,35.84
Kolkata,287.69,27.25,45.37
Kolkata,1.65,24.34,56.85
Kolkata,13.75,33.88,26.43
Kolkata,31.02,32.65,31.09
Kolkata,1.69,31.32,22.78
Kolkata,29.95,25.26,50.13
Kolkata,26.04,36.85,36.67
Kolkata,32.76,23.24,56.01
Kolkata,38.07,34.54,32.63
Kolkata,39.88,31.56,47.27
Kolkata,28.86,35.26,47.87
Kolkata,7.56,34.47,27.63
Kolkata,37.21,28.2,38.55
Kolkata,16.47,27.21,21.63
Kolkata,8.05,24.34,49.17
Kolkata,6.54,35.09,50.99
Kolkata,7.55,29.5,58.4
Kolkata,14.14,29.83,20.24
Kolkata,25.84,35.08,44.04
Jaipur,17.72,28.83,23.67
Jaipur,8.17,24.49,52.48
Jaipur,29.55,26.33,34.08
Jaipur,17.82,46.72,26.98
Jaipur,21.22,32.34,22.54
Jaipur,4.43,33.84,52.39
Jaipur,5.66,23.55,22.52
Jaipur,8.31,24.05,38.04
Jaipur,39.95,45.0,34.65
Jaipur,36.5,24.29,49.84
Jaipur,26.53,27.17,30.02
Jaipur,12.25,45.76,40.27
Jaipur,25.04,27.8,36.0
Jaipur,23.66,30.59,33.08
Jaipur,39.24,25.08,42.81
Jaipur,9.98,32.78,56.61
Jaipur,7.93,34.97,53.66
Jaipur,13.87,34.03,44.27
Jaipur,0.04,30.79,44.0
Jaipur,11.6,31.95,38.19
Jaipur,2.57,24.82,55.16
Jaipur,13.32,24.39,34.55
Jaipur,6.99,25.95,26.25
Jaipur,35.17,22.3,54.51
Jaipur,5.13,32.83,50.09
Jaipur,15.38,33.47,58.02
Jaipur,11.78,31.82,51.65
Jaipur,0.38,32.14,36.55
Jaipur,19.0,23.08,56.42
Jaipur,22.26,31.57,48.36
Jaipur,256.63,32.43,29.07
Jaipur,33.43,23.1,32.47
Jaipur,24.58,46.82,50.75
Jaipur,12.15,24.88,22.85
Jaipur,26.75,33.38,42.51
Jaipur,31.88,28.01,29.1
Jaipur,3.25,24.92,37.8
Jaipur,14.42,25.25,51.98
Jaipur,29.87,22.25,25.2
Jaipur,27.84,36.27,53.29
Jaipur,34.75,30.79,56.15
Jaipur,23.12,27.92,34.92
Jaipur,23.36,22.24,27.81
Jaipur,35.68,23.69,54.22
Jaipur,11.64,36.41,22.15
Jaipur,3.89,34.14,36.58
Jaipur,33.57,31.86,42.02
Jaipur,27.44,25.17,59.87
Jaipur,4.01,23.03,55.55
Jaipur,35.26,27.16,31.95
Jaipur,35.46,36.33,58.09
Jaipur,26.72,28.09,45.61
Jaipur,35.88,23.08,58.16
Jaipur,38.7,28.12,50.12
Jaipur,24.38,29.89,22.13
Jaipur,36.44,36.91,36.53
Jaipur,24.65,33.94,55.03
Jaipur,21.08,22.6,41.96
Jaipur,3.5,37.91,54.64
Jaipur,29.5,35.03,38.52
Jaipur,27.63,23.83,45.02
Jaipur,36.29,28.34,44.21
Jaipur,22.57,33.63,53.21
Jaipur,30.2,23.2,48.66
Jaipur,31.75,25.23,36.4
Jaipur,33.82,24.78,26.34
Jaipur,9.93,34.67,31.93
Jaipur,26.13,23.54,40.5
Jaipur,7.94,27.33,42.7
Jaipur,35.57,25.51,51.41
Jaipur,34.54,45.75,52.83
Jaipur,20.55,26.04,21.23
Jaipur,29.38,27.31,48.62
Jaipur,7.81,26.63,26.2
Jaipur,19.11,24.82,31.24
Jaipur,8.94,37.36,21.68
Jaipur,6.32,23.36,43.54
Jaipur,33.89,47.33,53.63
Jaipur,2.45,22.44,51.91
Jaipur,35.26,31.98,25.35
Jaipur,4.19,26.36,43.78
Jaipur,31.09,26.69,20.37
Jaipur,12.09,24.71,52.69
Jaipur,1.84,25.96,29.97
Jaipur,22.11,28.3,53.44
Jaipur,23.77,35.06,30.57
Jaipur,26.7,32.43,38.23
Jaipur,1.82,32.26,23.01
Jaipur,12.35,45.47,32.42
Jaipur,9.63,26.58,51.97
Jaipur,1.87,37.93,28.84
Jaipur,13.8,32.65,41.57
Jaipur,13.46,27.86,35.12
Jaipur,19.33,33.01,56.32
Jaipur,15.05,35.05,52.75
Jaipur,4.75,24.5,39.95
Jaipur,34.17,35.72,48.13
Jaipur,243.92,22.94,52.93
Jaipur,37.95,36.29,55.14
Jaipur,34.84,23.87,26.95
Jaipur,18.24,22.33,55.07
Jaipur,11.38,28.81,20.22
Jaipur,39.87,28.21,23.84
Jaipur,20.09,30.72,29.01
Jaipur,155.73,31.13,55.47
Jaipur,16.13,28.42,54.8
Jaipur,9.05,24.18,22.01
Jaipur,177.45,30.38,34.31
Jaipur,34.25,22.53,23.33
Jaipur,32.02,25.86,49.17
Jaipur,4.66,31.71,34.98
Jaipur,21.5,24.23,27.91
Jaipur,33.41,37.47,25.17
Jaipur,24.01,28.12,58.08
Jaipur,30.51,24.11,20.02
Jaipur,14.58,27.47,32.71
Jaipur,0.22,23.87,45.65
Jaipur,10.54,25.95,27.62
Jaipur,17.8,24.51,45.61
Jaipur,26.01,27.22,49.33
Jaipur,28.84,26.53,23.88
Jaipur,1.73,47.79,42.47
Jaipur,22.82,32.44,38.41
Jaipur,27.94,28.8,37.12
Jaipur,39.62,27.75,37.23
Jaipur,229.17,32.57,49.12
Jaipur,10.5,31.78,25.44
Jaipur,19.44,28.65,25.95
Jaipur,39.59,29.97,27.44
Jaipur,27.09,26.64,53.84
Jaipur,262.5,31.58,26.22
Jaipur,27.82,28.98,28.64
Jaipur,5.84,23.81,32.46
Jaipur,17.35,29.84,29.03
Jaipur,3.0,32.7,42.64
Jaipur,7.09,34.67,23.65
Jaipur,38.54,28.06,28.19
Jaipur,14.28,36.72,24.43
Jaipur,9.81,24.21,48.18
Jaipur,33.53,34.82,21.12
Jaipur,8.85,22.41,49.09
Jaipur,26.26,22.95,30.74
Jaipur,3.47,30.97,58.74
Jaipur,35.63,36.86,59.64
Jaipur,31.84,32.31,58.61
Jaipur,19.98,24.59,23.55
Jaipur,33.94,33.35,53.84
Jaipur,6.11,30.09,48.26
Jaipur,24.01,28.06,24.4
Jaipur,7.37,31.26,29.99
Jaipur,38.3,29.51,35.16
Jaipur,13.48,33.42,56.22
Jaipur,18.07,32.21,49.08
Jaipur,27.55,36.71,37.33
Jaipur,20.0,37.08,38.88
Jaipur,25.58,24.06,34.36
Jaipur,8.23,33.23,22.06
Jaipur,28.15,25.27,55.03
Jaipur,18.51,35.95,50.12
Jaipur,35.1,24.05,28.07
Jaipur,25.04,24.13,50.36
Jaipur,6.22,35.02,28.31
Jaipur,228.7,33.59,28.35
Jaipur,8.47,47.28,57.87
Jaipur,6.3,25.25,47.64
Jaipur,21.11,34.53,20.9
Jaipur,15.8,24.18,37.66
Jaipur,36.67,28.22,32.57
Jaipur,23.0,36.57,52.51
Jaipur,6.12,29.5,50.43
Jaipur,11.39,26.38,49.87
Jaipur,28.95,33.41,49.55
Jaipur,10.66,35.68,49.44
Jaipur,34.65,31.72,42.74
Jaipur,1.82,28.78,33.91
Jaipur,18.61,33.76,55.54
Jaipur,26.36,47.97,46.59
Jaipur,6.42,22.2,38.88
Jaipur,23.46,27.23,55.1
Jaipur,1.63,22.75,43.01
Nagpur,5.94,34.03,38.78
Nagpur,26.05,26.86,37.95
Nagpur,182.94,37.99,21.06
Nagpur,3.34,37.88,22.03
Nagpur,6.87,31.39,49.71
Nagpur,9.87,30.29,53.83
Nagpur,233.93,26.48,29.61
Nagpur,3.14,28.1,25.78
Nagpur,9.19,27.64,57.77
Nagpur,27.61,30.03,55.93
Nagpur,21.3,31.7,44.99
Nagpur,30.3,37.36,44.07
Nagpur,7.12,26.12,99.32
Nagpur,10.17,28.96,59.98
Nagpur,9.78,23.49,20.7
Nagpur,10.87,33.71,54.64
Nagpur,4.34,47.15,40.38
Nagpur,39.41,28.59,29.8
Nagpur,32.34,22.05,20.5
Nagpur,25.67,25.23,47.09
Nagpur,35.23,34.68,24.88
Nagpur,31.76,22.38,28.24
Nagpur,25.13,23.15,96.56
Nagpur,39.57,30.4,35.08
Nagpur,38.35,28.79,55.34
Nagpur,33.98,33.45,39.08
Nagpur,33.79,27.13,37.4
Nagpur,5.49,36.27,38.29
Nagpur,35.51,35.19,34.11
Nagpur,35.44,29.61,22.35
Nagpur,32.73,26.47,24.93
Nagpur,22.27,31.97,24.9
Nagpur,19.77,30.51,26.29
Nagpur,34.25,32.09,53.57
Nagpur,33.62,29.19,35.16
Nagpur,5.17,28.23,31.01
Nagpur,23.12,30.68,51.84
Nagpur,39.08,46.79,33.28
Nagpur,14.48,22.14,23.94
Nagpur,21.03,33.07,3.89
Nagpur,17.53,34.78,36.55
Nagpur,1.76,36.56,32.69
Nagpur,33.28,35.12,33.94
Nagpur,18.59,30.26,35.8
Nagpur,14.2,28.09,44.68
Nagpur,26.21,29.25,50.33
Nagpur,14.99,33.43,45.27
Nagpur,30.91,30.89,36.29
Nagpur,19.72,36.16,41.05
Nagpur,16.97,24.69,33.52
Nagpur,20.07,32.15,24.94
Nagpur,26.33,29.84,42.97
Nagpur,0.6,31.92,39.76
Nagpur,10.3,28.41,22.24
Nagpur,39.34,33.23,48.91
Nagpur,24.05,25.55,28.07
Nagpur,39.82,33.35,25.58
Nagpur,9.33,25.44,28.7
Nagpur,3.41,30.46,40.7
Nagpur,247.29,32.9,37.52
Nagpur,9.06,22.42,47.11
Nagpur,2.52,28.36,57.49
Nagpur,17.02,31.74,44.89
Nagpur,2.55,24.47,57.05
Nagpur,240.28,27.76,47.83
Nagpur,19.11,33.93,59.49
Nagpur,29.88,32.67,49.99
Nagpur,13.97,26.48,50.05
Nagpur,16.8,27.34,30.42
Nagpur,12.36,25.86,42.96
Nagpur,25.76,36.49,22.71
Nagpur,28.33,30.78,35.31
Nagpur,28.94,33.44,43.82
Nagpur,4.77,33.47,31.53
Nagpur,14.59,27.71,43.06
Nagpur,3.84,30.61,43.91
Nagpur,30.94,25.98,42.45
Nagpur,273.11,34.58,58.75
Nagpur,10.98,27.07,43.91
Nagpur,0.21,24.05,56.28
Nagpur,31.88,33.76,54.55
Nagpur,29.73,31.58,55.61
Nagpur,32.46,22.02,22.94
Nagpur,0.22,25.89,35.26
Nagpur,154.04,37.79,33.49
Nagpur,4.02,31.6,44.48
Nagpur,0.04,25.36,26.64
Nagpur,4.11,36.19,46.41
Nagpur,3.41,37.39,35.28
Nagpur,20.4,37.67,34.77
Nagpur,5.0,35.71,43.36
Nagpur,6.82,45.82,35.07
Nagpur,28.79,28.83,46.61
Nagpur,12.14,34.75,29.11
Nagpur,4.62,34.94,51.8
Nagpur,25.3,33.93,27.24
Nagpur,19.19,35.39,47.05
Nagpur,19.16,25.76,1.28
Nagpur,2.49,22.72,42.73
Nagpur,5.89,31.35,41.25
Nagpur,35.86,33.04,46.07
Nagpur,0.27,35.9,59.91
Nagpur,18.35,26.87,46.62
Nagpur,16.89,32.83,29.31
Nagpur,6.25,33.41,23.8
Nagpur,28.96,34.22,44.04
Nagpur,29.39,31.26,49.77
Nagpur,38.18,24.65,37.97
Nagpur,31.92,28.68,27.87
Nagpur,0.87,30.73,45.98
Nagpur,0.23,37.57,33.0
Nagpur,17.46,27.71,36.11
Nagpur,13.0,32.54,30.83
Nagpur,19.71,37.3,55.36
Nagpur,27.7,27.5,98.03
Nagpur,21.75,24.78,40.57
Nagpur,26.35,35.04,47.64
Nagpur,11.01,25.42,40.95
Nagpur,26.37,22.43,27.67
Nagpur,12.12,25.15,44.23
Nagpur,14.58,29.71,42.76
Nagpur,28.14,29.45,55.16
Nagpur,31.47,30.56,54.14
Nagpur,21.51,29.17,48.47
Nagpur,35.36,30.75,95.27
Nagpur,25.16,27.72,56.73
Nagpur,185.91,34.11,46.27
Nagpur,29.59,23.37,25.31
Nagpur,36.54,23.87,27.49
Nagpur,10.68,24.31,59.36
Nagpur,3.17,32.29,46.39
Nagpur,19.09,29.24,51.48
Nagpur,15.78,26.48,44.72
Nagpur,6.9,37.53,33.08
Nagpur,155.53,36.88,33.97
Nagpur,17.15,28.82,55.43
Nagpur,26.32,36.43,39.53
Nagpur,36.08,26.56,22.18
Nagpur,21.47,29.63,25.2
Nagpur,173.65,31.21,35.37
Nagpur,5.65,32.49,50.8
Nagpur,32.93,23.46,51.34
Nagpur,37.02,35.45,52.91
Nagpur,5.84,37.32,34.02
Nagpur,15.16,23.0,51.59
Nagpur,5.14,25.59,20.57
Nagpur,29.53,36.37,32.78
Nagpur,30.77,26.08,40.61
Nagpur,0.55,31.21,28.46
Nagpur,29.49,31.52,53.42
Nagpur,35.11,23.54,27.91
Nagpur,19.86,24.99,26.46
Nagpur,37.16,32.37,25.37
Nagpur,215.12,27.72,56.65
Nagpur,32.76,24.47,46.16
Nagpur,14.78,29.83,32.57
Nagpur,24.13,30.62,52.28
Nagpur,26.12,31.16,56.25
Nagpur,0.14,24.88,43.92
Nagpur,32.56,29.37,40.86
Nagpur,10.98,36.53,56.66
Nagpur,30.75,34.65,20.78
Nagpur,0.87,38.0,24.33
Nagpur,29.75,30.04,20.96
Nagpur,29.3,29.1,49.42
Nagpur,33.93,31.34,41.81
Nagpur,27.93,30.2,46.9
Nagpur,0.79,27.63,26.67
Nagpur,9.21,34.34,26.89
Nagpur,3.49,22.73,58.46
Nagpur,32.91,26.29,35.34
Nagpur,39.05,26.89,22.19
Nagpur,0.29,32.74,28.85
Nagpur,36.78,27.14,55.74
Nagpur,11.73,29.04,55.35
Nagpur,245.08,37.63,58.0
Nagpur,14.37,47.94,21.12
Nagpur,205.05,35.55,51.63
Nagpur,15.1,37.96,37.58
Nagpur,36.23,34.98,55.52
Patna,28.15,31.6,59.38
Patna,22.95,37.77,22.61
Patna,35.86,33.88,36.61
Patna,32.36,32.96,53.78
Patna,29.68,24.21,22.21
Patna,36.08,35.41,48.08
Patna,23.08,22.04,57.97
Patna,14.92,36.64,48.19
Patna,10.16,28.16,48.01
Patna,8.9,22.65,50.47
Patna,31.06,30.82,59.66
Patna,37.41,29.21,34.71
Patna,20.47,24.78,36.06
Patna,21.14,37.42,58.92
Patna,26.79,35.61,97.49
Patna,14.96,22.51,36.33
Patna,9.89,27.08,24.46
Patna,6.4,30.84,37.1
Patna,7.24,27.97,37.39
Patna,17.04,26.38,41.6
Patna,30.76,25.14,22.27
Patna,34.26,23.89,44.0
Patna,26.2,27.35,52.93
Patna,29.54,23.47,40.31
Patna,32.65,34.59,41.66
Patna,11.51,35.71,56.11
Patna,16.98,23.93,2.83
Patna,37.68,26.5,20.15
Patna,15.1,33.06,23.71
Patna,38.1,28.84,54.95
Patna,28.27,26.71,28.92
Patna,38.61,35.55,29.56
Patna,20.02,28.6,49.41
Patna,35.04,26.34,52.17
Patna,19.34,32.98,33.58
Patna,1.22,31.42,30.03
Patna,12.74,32.55,38.23
Patna,23.12,26.05,28.27
Patna,5.86,24.97,47.44
Patna,27.73,27.4,48.75
Patna,13.09,26.3,43.99
Patna,11.07,26.58,48.13
Patna,33.59,29.74,51.68
Patna,9.69,33.86,21.56
Patna,20.0,29.43,2.94
Patna,1.34,26.18,41.68
Patna,25.93,37.53,30.93
Patna,199.41,22.96,31.92
Patna,28.25,30.57,24.13
Patna,15.34,31.35,58.34
Patna,14.36,37.12,58.19
Patna,24.75,30.14,59.39
Patna,16.44,36.41,55.39
Patna,37.19,32.43,52.55
Patna,33.82,24.96,20.19
Patna,11.84,23.12,44.91
Patna,8.59,25.44,26.71
Patna,27.52,31.56,57.31
Patna,11.48,32.48,55.47
Patna,33.51,27.76,24.19
Patna,5.68,33.06,26.43
Patna,20.41,23.4,45.48
Patna,21.0,47.34,53.56
Patna,36.12,28.37,57.08
Patna,30.73,37.12,46.65
Patna,22.45,23.5,22.22
Patna,5.41,25.72,42.37
Patna,11.12,47.33,41.82
Patna,33.6,37.45,47.08
Patna,0.09,34.22,33.24
Patna,7.81,37.16,29.8
Patna,15.48,37.39,43.65
Patna,22.59,22.02,37.18
Patna,3.34,24.73,53.61
Patna,37.25,33.44,41.98
Patna,15.73,36.54,57.44
Patna,23.09,33.35,45.85
Patna,21.76,37.03,25.1
Patna,5.02,28.79,29.08
Patna,39.39,22.14,59.14
Patna,8.42,23.23,25.04
Patna,37.58,29.4,33.57
Patna,10.58,22.71,23.1
Patna,18.08,25.18,49.95
Patna,27.97,45.78,44.03
Patna,11.84,37.14,25.07
Patna,23.29,28.35,35.05
Patna,28.42,37.11,36.77
Patna,24.35,32.4,52.01
Patna,10.34,30.86,50.79
Patna,11.3,26.53,44.19
Patna,10.23,35.22,40.51
Patna,22.97,31.98,54.85
Patna,9.65,28.26,29.3
Patna,15.26,33.01,28.1
Patna,38.59,31.48,23.02
Patna,25.02,30.63,30.19
Patna,20.38,28.39,34.96
Patna,24.96,32.7,24.56
Patna,36.16,32.0,37.92
Patna,0.88,26.15,32.01
Patna,15.91,32.2,37.15
Patna,26.71,25.79,54.08
Patna,16.58,26.97,33.12
Patna,10.72,33.17,57.97
Patna,9.23,36.78,55.75
Patna,37.02,32.69,22.37
Patna,39.78,37.1,26.19
Patna,15.65,28.31,49.22
Patna,27.51,34.27,50.38
Patna,14.67,35.24,46.64
Patna,37.36,33.7,39.5
Patna,38.99,26.27,36.9
Patna,37.03,29.56,35.73
Patna,4.23,28.42,33.97
Patna,29.71,29.35,97.08
Patna,11.11,46.03,35.72
Patna,18.56,23.91,46.69
Patna,38.81,27.06,32.33
Patna,21.89,35.93,37.14
Patna,231.62,37.02,28.57
Patna,22.72,29.61,45.59
Patna,23.38,32.96,24.38
Patna,29.34,31.06,34.19
Patna,20.43,24.25,4.52
Patna,32.3,30.41,46.99
Patna,35.82,24.75,39.38
Patna,22.15,23.91,33.37
Patna,16.88,25.3,45.43
Patna,28.93,28.55,39.87
Patna,4.33,24.75,58.93
Patna,17.18,32.71,37.91
Patna,2.43,30.76,59.31
Patna,20.15,31.41,57.3
Patna,7.56,36.08,47.43
Patna,25.48,23.42,57.73
Patna,13.36,26.48,46.23
Patna,13.71,34.64,58.56
Patna,0.32,47.65,50.52
Patna,16.82,37.0,50.57
Patna,12.86,35.82,3.4
Patna,31.69,23.45,58.96
Patna,3.16,36.28,42.06
Patna,26.22,35.5,40.15
Patna,20.13,27.77,52.07
Patna,1.02,25.71,37.97
Patna,32.43,45.52,42.03
Patna,33.53,23.01,48.35
Patna,37.27,36.2,41.07
Patna,36.57,22.1,95.81
Patna,27.24,31.11,57.85
Patna,11.52,30.01,35.76
Patna,37.15,30.81,44.7
Patna,38.71,24.18,52.83
Patna,29.95,32.27,27.88
Patna,29.57,23.78,24.49
Patna,7.31,45.94,33.68
Patna,29.84,33.9,44.34
Patna,31.97,34.67,47.11
Patna,12.0,26.88,54.68
Patna,16.62,36.37,47.77
Patna,25.12,34.84,58.03
Patna,0.9,31.95,43.36
Patna,21.38,47.55,25.61
Patna,19.45,30.39,54.86
Patna,3.08,32.56,37.08
Patna,21.45,26.78,46.49
Patna,8.89,26.16,26.18
Patna,25.71,23.84,42.84
Patna,7.12,36.98,27.85
Patna,13.72,26.84,36.45
Patna,20.35,22.08,24.31
Patna,10.41,30.59,4.95
Patna,12.78,28.07,29.91
Patna,25.79,37.18,24.79
Patna,8.32,29.86,37.03
Patna,11.14,36.78,46.26
Patna,27.55,36.23,33.98
Patna,7.29,33.66,46.89
Patna,27.75,31.73,54.62
Lucknow,5.1,26.1,53.01
Lucknow,13.07,45.11,39.59
Lucknow,14.34,23.81,41.98
Lucknow,13.75,28.72,21.55
Lucknow,202.53,24.1,48.63
Lucknow,154.01,22.9,21.59
Lucknow,19.72,34.01,57.01
Lucknow,14.37,27.81,41.24
Lucknow,19.22,26.38,33.41
Lucknow,25.58,46.98,48.98
Lucknow,16.06,35.71,41.82
Lucknow,16.56,35.26,29.52
Lucknow,6.64,25.09,24.06
Lucknow,26.62,28.74,59.38
Lucknow,3.16,37.5,50.1
Lucknow,7.18,34.77,29.49
Lucknow,6.28,26.04,29.24
Lucknow,26.37,35.1,54.2
Lucknow,29.77,31.48,44.01
Lucknow,16.35,26.48,28.5
Lucknow,21.99,47.37,55.22
Lucknow,39.69,37.4,32.53
Lucknow,31.7,36.34,36.0
Lucknow,29.51,36.01,58.28
Lucknow,38.01,30.89,42.72
Lucknow,3.26,33.7,47.78
Lucknow,5.5,31.59,43.88
Lucknow,23.66,37.62,26.0
Lucknow,23.9,24.95,58.27
Lucknow,8.28,28.2,43.84
Lucknow,18.92,28.5,45.93
Lucknow,34.99,47.32,4.4
Lucknow,6.88,33.55,45.37
Lucknow,224.96,22.76,51.08
Lucknow,267.54,34.03,35.74
Lucknow,9.56,27.11,27.55
Lucknow,31.36,37.16,36.27
Lucknow,17.72,27.9,44.83
Lucknow,17.25,30.57,54.7
Lucknow,16.41,22.11,37.61
Lucknow,29.95,28.08,44.42
Lucknow,5.65,34.95,28.71
Lucknow,215.59,24.21,22.76
Lucknow,31.44,22.85,37.95
Lucknow,11.81,27.27,38.99
Lucknow,26.93,22.04,29.75
Lucknow,28.25,27.9,40.22
Lucknow,36.52,35.86,53.1
Lucknow,11.92,22.51,48.67
Lucknow,21.3,32.22,43.88
Lucknow,11.24,22.51,55.28
Lucknow,5.65,28.85,53.44
Lucknow,38.92,35.98,39.56
Lucknow,151.33,23.89,47.84
Lucknow,217.31,36.24,58.97
Lucknow,26.03,33.38,32.13
Lucknow,36.34,33.57,50.44
Lucknow,0.93,27.38,35.93
Lucknow,18.5,36.41,34.42
Lucknow,166.64,27.84,32.3
Lucknow,10.59,37.88,23.57
Lucknow,36.79,35.38,45.46
Lucknow,1.33,35.71,39.13
Lucknow,7.8,27.74,47.02
Lucknow,8.65,32.62,49.65
Lucknow,32.74,22.49,38.67
Lucknow,4.7,22.39,30.65
Lucknow,21.07,32.59,25.26
Lucknow,8.9,29.39,42.27
Lucknow,12.57,29.69,49.21
Lucknow,8.06,34.98,59.37
Lucknow,19.91,28.94,26.21
Lucknow,24.74,31.75,54.89
Lucknow,34.4,26.12,31.27
Lucknow,3.75,28.72,21.03
Lucknow,19.84,27.05,37.42
Lucknow,9.11,22.8,29.54
Lucknow,14.71,27.53,40.88
Lucknow,18.8,29.38,29.21
Lucknow,13.01,32.86,39.65
Lucknow,24.49,24.6,26.85
Lucknow,0.99,36.44,39.5
Lucknow,30.94,28.83,36.04
Lucknow,30.15,33.94,50.17
Lucknow,18.56,30.32,39.47
Lucknow,22.62,26.7,26.5
Lucknow,17.88,22.47,45.03
Lucknow,9.82,37.13,25.4
Lucknow,0.25,37.7,51.37
Lucknow,39.11,27.34,21.96
Lucknow,39.89,34.51,22.64
Lucknow,23.89,23.86,34.43
Lucknow,31.51,26.73,21.16
Lucknow,14.96,29.53,44.96
Lucknow,9.67,33.28,53.02
Lucknow,21.57,28.27,59.39
Lucknow,28.22,24.41,38.79
Lucknow,36.3,23.03,56.86
Lucknow,24.04,35.7,32.54
Lucknow,37.99,29.62,39.52
Lucknow,34.9,28.47,36.21
Lucknow,28.14,24.56,24.06
Lucknow,26.09,34.61,29.79
Lucknow,0.53,35.5,33.7
Lucknow,9.07,26.06,26.87
Lucknow,35.48,34.43,49.61
Lucknow,5.43,29.52,40.82
Lucknow,2.06,31.98,35.14
Lucknow,26.27,28.73,43.14
Lucknow,2.15,47.51,45.21
Lucknow,15.99,33.17,97.53
Lucknow,29.08,26.97,45.95
Lucknow,2.8,29.15,40.51
Lucknow,10.5,35.07,50.83
Lucknow,3.37,37.5,28.69
Lucknow,6.99,24.75,36.76
Lucknow,37.12,30.23,52.71
Lucknow,0.52,35.52,28.45
Lucknow,26.78,35.81,46.72
Lucknow,26.49,29.42,44.42
Lucknow,5.07,32.34,34.25
Lucknow,38.48,30.98,49.47
Lucknow,39.03,22.55,28.13
Lucknow,31.26,29.05,53.35
Lucknow,8.25,29.27,42.22
Lucknow,30.18,24.84,57.93
Lucknow,11.95,26.52,41.06
Lucknow,13.92,26.01,46.69
Lucknow,5.5,24.86,58.94
Lucknow,1.01,24.52,29.42
Lucknow,24.84,25.61,23.88
Lucknow,162.36,37.6,50.19
Lucknow,28.77,27.72,45.54
Lucknow,10.09,30.18,56.19
Lucknow,37.87,31.45,26.43
Lucknow,4.32,25.39,45.46
Lucknow,8.27,32.01,27.45
Lucknow,2.93,28.98,52.3
Lucknow,37.32,27.77,25.5
Lucknow,25.1,30.18,42.95
Lucknow,3.31,26.2,45.56
Lucknow,19.75,27.68,29.43
Lucknow,3.54,37.26,40.96
Lucknow,11.0,33.18,25.91
Lucknow,4.6,23.65,20.82
Lucknow,25.58,32.79,25.61
Lucknow,25.01,30.91,52.43
Lucknow,25.29,32.47,48.72
Lucknow,22.2,32.92,22.94
Lucknow,2.54,35.2,54.17
Lucknow,21.12,24.19,23.9
Lucknow,25.49,29.76,33.84
Lucknow,21.64,25.12,35.68
Lucknow,37.75,30.45,34.66
Lucknow,27.8,25.75,37.51
Lucknow,160.65,33.59,49.3
Lucknow,29.73,33.21,34.44
Lucknow,26.45,37.5,32.87
Lucknow,0.97,34.94,31.82
Lucknow,5.84,23.61,39.91
Lucknow,20.03,29.32,52.04
Lucknow,26.94,35.12,21.92
Lucknow,15.84,34.15,53.39
Lucknow,29.63,37.93,54.83
Lucknow,38.67,30.55,24.37
Lucknow,28.02,28.5,21.11
Lucknow,11.6,22.09,54.53
Lucknow,6.09,24.97,22.32
Lucknow,15.31,28.8,28.81
Lucknow,4.61,26.48,25.08
Lucknow,36.97,31.8,36.17
Lucknow,31.94,46.46,23.45
Lucknow,0.32,37.81,34.85
Lucknow,32.19,26.01,57.6
Lucknow,15.07,24.82,43.59
Lucknow,177.06,32.55,35.35
Lucknow,25.74,34.68,55.77
Lucknow,5.33,36.27,20.81
Lucknow,17.54,30.39,29.79
Lucknow,1.51,26.67,41.24
Ahmedabad,26.08,23.36,49.78
Ahmedabad,21.78,23.72,46.3
Ahmedabad,32.58,30.27,28.95
Ahmedabad,25.54,28.01,56.12
Ahmedabad,4.83,22.72,44.33
Ahmedabad,193.01,28.46,44.3
Ahmedabad,29.25,35.9,22.27
Ahmedabad,30.71,28.1,22.22
Ahmedabad,6.98,45.02,55.37
Ahmedabad,36.48,29.18,21.86
Ahmedabad,19.85,30.24,28.98
Ahmedabad,28.43,22.14,38.84
Ahmedabad,38.6,25.39,45.58
Ahmedabad,22.12,28.24,21.45
Ahmedabad,27.93,24.53,23.8
Ahmedabad,24.5,30.01,40.02
Ahmedabad,37.03,28.78,95.83
Ahmedabad,1.76,32.51,28.1
Ahmedabad,33.14,24.8,29.5
Ahmedabad,25.86,25.61,49.93
Ahmedabad,1.57,31.2,20.42
Ahmedabad,21.76,32.49,47.72
Ahmedabad,9.02,33.4,43.97
Ahmedabad,21.9,27.1,24.31
Ahmedabad,35.61,27.23,42.57
Ahmedabad,4.32,25.27,43.79
Ahmedabad,164.36,32.63,51.77
Ahmedabad,3.01,29.99,55.11
Ahmedabad,11.38,34.28,56.13
Ahmedabad,31.45,26.94,52.76
Ahmedabad,25.27,22.07,52.57
Ahmedabad,27.21,33.91,37.85
Ahmedabad,18.39,24.29,20.62
Ahmedabad,206.02,24.87,48.91
Ahmedabad,39.38,32.28,48.38
Ahmedabad,4.21,26.5,97.99
Ahmedabad,38.36,35.03,33.39
Ahmedabad,13.87,24.24,37.87
Ahmedabad,6.61,29.69,48.45
Ahmedabad,1.47,24.51,59.17
Ahmedabad,12.75,30.15,26.47
Ahmedabad,4.13,34.68,49.0
Ahmedabad,11.39,37.94,25.17
Ahmedabad,6.48,32.41,50.05
Ahmedabad,4.42,37.07,44.89
Ahmedabad,21.45,46.5,46.35
Ahmedabad,18.85,28.85,48.22
Ahmedabad,153.49,28.6,26.92
Ahmedabad,208.21,37.55,39.36
Ahmedabad,2.81,36.79,58.4
Ahmedabad,4.23,36.52,52.01
Ahmedabad,29.82,24.8,48.55
Ahmedabad,9.02,37.32,52.37
Ahmedabad,33.18,29.95,24.14
Ahmedabad,25.36,32.57,58.82
Ahmedabad,9.3,34.34,52.26
Ahmedabad,11.38,37.16,34.38
Ahmedabad,11.91,35.77,4.71
Ahmedabad,18.02,23.18,23.62
Ahmedabad,6.54,22.18,24.95
Ahmedabad,35.18,29.74,42.28
Ahmedabad,29.42,27.79,20.31
Ahmedabad,12.86,30.3,20.34
Ahmedabad,16.68,29.62,21.76
Ahmedabad,14.05,29.8,32.72
Ahmedabad,5.86,28.0,24.31
Ahmedabad,36.25,36.28,40.15
Ahmedabad,35.5,25.52,23.56
Ahmedabad,10.73,35.97,28.51
Ahmedabad,156.69,31.28,29.72
Ahmedabad,37.94,26.88,20.02
Ahmedabad,3.96,32.06,46.06
Ahmedabad,16.85,33.23,40.46
Ahmedabad,10.32,22.15,20.11
Ahmedabad,28.16,33.1,3.49
Ahmedabad,28.71,33.32,48.98
Ahmedabad,2.96,27.78,50.5
Ahmedabad,11.0,25.99,27.09
Ahmedabad,16.04,22.05,33.51
Ahmedabad,31.42,28.22,57.23
Ahmedabad,39.29,27.05,32.26
Ahmedabad,16.43,36.63,58.66
Ahmedabad,9.73,28.79,31.66
Ahmedabad,8.93,35.63,34.17
Ahmedabad,5.37,29.51,59.35
Ahmedabad,33.77,37.29,27.41
Ahmedabad,35.67,24.01,50.17
Ahmedabad,13.91,32.65,36.96
Ahmedabad,39.49,31.17,41.96
Ahmedabad,24.2,23.97,25.28
Ahmedabad,223.28,37.98,53.94
Ahmedabad,20.36,28.68,41.04
Ahmedabad,23.22,22.05,27.73
Ahmedabad,35.54,35.52,20.3
Ahmedabad,37.25,36.87,48.66
Ahmedabad,39.03,47.86,53.52
Ahmedabad,22.59,35.26,39.69
Ahmedabad,29.7,32.88,46.37
Ahmedabad,28.38,30.65,47.19
Ahmedabad,8.76,28.96,59.5
Ahmedabad,0.78,25.91,51.03
Ahmedabad,10.2,22.24,44.57
Ahmedabad,272.55,26.93,44.06
Ahmedabad,7.73,36.94,42.71
Ahmedabad,17.62,28.34,52.2
Ahmedabad,6.11,31.36,28.04
Ahmedabad,26.87,26.27,20.92
Ahmedabad,20.73,37.45,23.34
Ahmedabad,258.79,25.0,30.56
Ahmedabad,19.43,34.56,44.43
Ahmedabad,243.96,29.91,59.85
Ahmedabad,36.51,28.74,35.24
Ahmedabad,24.75,22.57,23.35
Ahmedabad,191.23,36.32,27.91
Ahmedabad,31.21,24.79,45.04
Ahmedabad,26.47,47.12,54.49
Ahmedabad,7.98,26.08,42.93
Ahmedabad,33.4,23.07,37.35
Ahmedabad,35.85,22.83,45.83
Ahmedabad,25.41,23.11,45.45
Ahmedabad,18.0,29.02,54.75
Ahmedabad,27.84,34.34,22.09
Ahmedabad,24.66,34.1,23.39
Ahmedabad,267.32,34.52,36.3
Ahmedabad,6.86,32.46,58.08
Ahmedabad,29.98,46.44,37.35
Ahmedabad,26.1,30.15,22.61
Ahmedabad,28.68,27.57,51.02
Ahmedabad,38.27,29.57,50.92
Ahmedabad,33.71,28.31,41.31
Ahmedabad,8.57,22.5,56.79
Ahmedabad,2.92,35.49,40.74
Ahmedabad,7.68,28.89,53.26
Ahmedabad,37.38,30.23,36.03
Ahmedabad,27.1,28.74,23.47
Ahmedabad,16.61,29.51,47.36
Ahmedabad,38.88,31.18,52.32
Ahmedabad,17.14,29.28,38.9
Ahmedabad,35.91,34.17,51.66
Ahmedabad,4.75,36.95,50.71
Ahmedabad,7.78,24.27,35.13
Ahmedabad,27.1,34.44,37.63
Ahmedabad,23.12,32.93,22.55
Ahmedabad,24.29,26.77,45.38
Ahmedabad,2.89,36.28,32.38
Ahmedabad,33.33,37.63,32.85
Ahmedabad,32.65,25.7,37.78
Ahmedabad,5.75,26.29,50.37
Ahmedabad,19.12,33.23,51.12
Ahmedabad,24.92,22.48,24.1
Ahmedabad,31.82,34.11,42.97
Ahmedabad,30.01,28.85,53.24
Ahmedabad,33.93,30.49,54.93
Ahmedabad,39.43,30.17,28.98
Ahmedabad,4.45,31.68,53.88
Ahmedabad,16.31,32.71,42.45
Ahmedabad,22.01,32.84,37.4
Ahmedabad,7.04,26.73,50.66
Ahmedabad,234.59,26.47,26.78
Ahmedabad,39.94,31.79,55.86
Ahmedabad,1.41,37.75,38.54
Ahmedabad,15.62,28.05,51.59
Ahmedabad,272.78,30.26,53.42
Ahmedabad,6.38,26.24,27.15
Ahmedabad,18.64,29.76,56.02
Ahmedabad,27.45,35.17,31.76
Ahmedabad,17.18,34.74,32.09
Ahmedabad,23.42,27.36,39.06
Ahmedabad,19.39,31.95,29.99
Ahmedabad,34.76,24.19,27.02
Ahmedabad,32.65,37.5,42.37
Ahmedabad,12.26,35.89,29.98
Ahmedabad,2.45,31.35,31.72
Ahmedabad,37.43,31.36,48.11
Ahmedabad,2.87,33.63,34.2
Ahmedabad,4.17,28.88,45.96
Ahmedabad,21.06,28.93,21.68
Ahmedabad,27.38,23.26,48.46
Ahmedabad,28.99,32.16,52.21
Ahmedabad,36.23,22.88,40.26
